ds,y,yhat,yhat_lower,yhat_upper,residual,resid_z,anomaly_breach,anomaly_z3,anomaly_any,severity
2019-07-13 00:00:00,1858728,1601508.0530384888,1403958.7741235704,1802745.4450846757,257219.94696151116,0.13647514629608926,1,0,1,1.013647514629609
2019-07-13 00:05:00,2263185,1600864.3971928642,1403329.8887354254,1793643.9593389744,662320.6028071358,2.924612125654954,1,0,1,1.2924612125654955
2019-07-13 00:10:00,1783487,1600269.1076892163,1398270.29966642,1779256.3771661613,183217.89231078373,-0.37284978848963973,1,0,1,1.037284978848964
2019-07-13 00:15:00,1760627,1599723.0964058142,1397191.2690996209,1792275.2250417117,160903.90359418583,-0.5264275628032209,0,0,0,0.05264275628032209
2019-07-13 00:20:00,1766125,1599227.3452486706,1431814.1991261602,1792262.0251566968,166897.65475132945,-0.4851751012108717,0,0,0,0.048517510121087175
2019-07-13 00:25:00,1715607,1598782.909462469,1417494.467156006,1795726.9518057434,116824.09053753107,-0.8298103271928191,0,0,0,0.08298103271928192
2019-07-13 00:30:00,1758542,1598390.9193380221,1407288.264930058,1780648.0830888906,160151.08066197787,-0.5316089255729674,0,0,0,0.05316089255729674
2019-07-13 00:35:00,1720133,1598052.5802772178,1402657.3459772929,1778676.4356721474,122080.41972278222,-0.7936332300550973,0,0,0,0.07936332300550974
2019-07-13 00:40:00,1668827,1597769.1711526443,1397888.3006148231,1778675.187865969,71057.82884735567,-1.1448002063353986,0,0,0,0.11448002063353986
2019-07-13 00:45:00,1709215,1597542.040942106,1415919.3573071146,1792955.729877379,111672.95905789407,-0.8652633928856788,0,0,0,0.08652633928856789
2019-07-13 00:50:00,1682624,1597372.603627777,1384229.5911760288,1784710.1959613313,85251.39637222304,-1.0471118666251058,0,0,0,0.10471118666251059
2019-07-13 00:55:00,1674106,1597262.3313607466,1410779.6551729434,1783224.855357235,76843.66863925336,-1.104978710991823,0,0,0,0.1104978710991823
2019-07-13 01:00:00,1693220,1597212.745928706,1417908.6612010207,1784073.2030024538,96007.2540712941,-0.9730838339306096,0,0,0,0.09730838339306097
2019-07-13 01:05:00,1776965,1597225.4085542825,1401331.5219460996,1781041.3521986261,179739.5914457175,-0.39678946651110114,0,0,0,0.03967894665111012
2019-07-13 01:10:00,1861414,1597301.9080955079,1406679.9392613166,1787691.703966437,264112.0919044921,0.18391087345509272,1,0,1,1.0183910873455093
2019-07-13 01:15:00,1881544,1597443.8477258363,1405895.538362334,1791783.076638303,284100.1522741637,0.3214802638230412,1,0,1,1.0321480263823042
2019-07-13 01:20:00,1831635,1597652.830183096,1403033.1222861246,1791550.1413205091,233982.169816904,-0.02346067419705163,1,0,1,1.0023460674197051
2019-07-13 01:25:00,1693962,1597930.4417045002,1406723.5573367206,1798330.7808513842,96031.55829549977,-0.9729165582047261,0,0,0,0.09729165582047261
2019-07-13 01:30:00,1697680,1598278.234771669,1407952.3094801512,1801088.7207429218,99401.76522833109,-0.9497208451345911,0,0,0,0.09497208451345912
2019-07-13 01:35:00,1718839,1598697.709805298,1404431.4312694804,1786079.6167755886,120141.2901947021,-0.806979440847378,0,0,0,0.08069794408473781
2019-07-13 01:40:00,1652241,1599190.2959699768,1403223.8054991933,1782876.5102032623,53050.70403002319,-1.268735652676093,0,0,0,0.1268735652676093
2019-07-13 01:45:00,1671782,1599757.3312475625,1404396.8451264221,1785732.6905598675,72024.66875243746,-1.1381458549943688,0,0,0,0.11381458549943689
2019-07-13 01:50:00,1659314,1600400.0419665964,1411209.8064585743,1786469.2347412775,58913.958033403615,-1.228381347961196,0,0,0,0.1228381347961196
2019-07-13 01:55:00,1686522,1601119.521956753,1409098.1366304215,1805304.9936591084,85402.47804324701,-1.0460720351960355,0,0,0,0.10460720351960356
2019-07-13 02:00:00,1709997,1601916.7115578093,1400362.660976839,1786153.8897011774,108080.28844219074,-0.8899902296699561,0,0,0,0.08899902296699562
2019-07-13 02:05:00,1990575,1602792.3766368108,1402933.6121917625,1804044.3828293923,387782.62336318917,1.0350829884376886,1,0,1,1.1035082988437688
2019-07-13 02:10:00,1888837,1603747.0878629514,1407788.9364762579,1790755.734075063,285089.91213704855,0.32829236356806385,1,0,1,1.0328292363568063
2019-07-13 02:15:00,1690011,1604781.2004228125,1404168.8022965316,1797330.1533756778,85229.79957718751,-1.04726050825776,0,0,0,0.104726050825776
2019-07-13 02:20:00,1676472,1605894.8343960121,1431657.7266488895,1796618.2167744702,70577.16560398787,-1.1481084087392057,0,0,0,0.11481084087392057
2019-07-13 02:25:00,1693190,1607087.8560012854,1421209.7716857777,1803743.9693391903,86102.14399871463,-1.0412565294803866,0,0,0,0.10412565294803866
2019-07-13 02:30:00,1700697,1608359.8599095745,1423499.7352212858,1811865.8153686803,92337.1400904255,-0.9983436807387105,0,0,0,0.09983436807387105
2019-07-13 02:35:00,1679923,1609710.152840424,1421297.734797664,1787116.9140682614,70212.8471595759,-1.150615858955516,0,0,0,0.1150615858955516
2019-07-13 02:40:00,1659035,1611137.738630322,1422815.5172429704,1815422.619751801,47897.26136967796,-1.3042046252511201,0,0,0,0.13042046252511202
2019-07-13 02:45:00,1684004,1612641.3049663818,1414943.4679196042,1812786.362971719,71362.69503361825,-1.142701940940344,0,0,0,0.11427019409403441
2019-07-13 02:50:00,1707164,1614219.2119511317,1412640.7095348884,1805553.7517686575,92944.7880488683,-0.9941614960917128,0,0,0,0.09941614960917128
2019-07-13 02:55:00,1669589,1615869.482684443,1425727.8871661439,1810811.0353734954,53719.517315556994,-1.264132492876732,0,0,0,0.1264132492876732
2019-07-13 03:00:00,1676973,1617589.7960137161,1423260.281062701,1799845.6198231578,59383.20398628386,-1.225151725953034,0,0,0,0.12251517259530341
2019-07-13 03:05:00,1915328,1619377.481571448,1430635.3985433443,1816796.2975096176,295950.51842855196,0.4030413366507873,1,0,1,1.0403041336650787
2019-07-13 03:10:00,1925056,1621229.5172579489,1430915.684739073,1811040.4826804206,303826.4827420511,0.4572482776510161,1,0,1,1.0457248277651017
2019-07-13 03:15:00,1705299,1623142.5292503247,1429050.6866579158,1807850.0823126673,82156.4707496753,-1.0684129345253242,0,0,0,0.10684129345253242
2019-07-13 03:20:00,1615273,1625112.7946481695,1423860.1562486996,1828577.0837109794,-9839.79464816954,-1.7015844335524442,0,0,0,0.17015844335524444
2019-07-13 03:25:00,1665812,1627136.2467956364,1432425.6505895874,1815237.0472271973,38675.75320436363,-1.367672377154663,0,0,0,0.1367672377154663
2019-07-13 03:30:00,1621862,1629208.4833748273,1435058.7067942673,1820268.5577182202,-7346.483374827309,-1.684424023511274,0,0,0,0.1684424023511274
2019-07-13 03:35:00,1637435,1631324.777247109,1430596.6808759554,1811599.0352851055,6110.222752891015,-1.5918071900560493,0,0,0,0.15918071900560493
2019-07-13 03:40:00,1676399,1633480.090094562,1453630.8071336641,1822405.4123458874,42918.90990543808,-1.3384685189609888,0,0,0,0.13384685189609888
2019-07-13 03:45:00,1680215,1635669.088822362,1438030.0876443977,1831906.62229843,44545.91117763799,-1.3272705553264565,0,0,0,0.13272705553264566
2019-07-13 03:50:00,1705750,1637886.164687104,1441622.8479641196,1830595.3793944314,67863.83531289594,-1.1667831168954197,0,0,0,0.11667831168954197
2019-07-13 03:55:00,1664683,1640125.4551070344,1446721.4062844324,1818804.1367377734,24557.544892965583,-1.4648420511783486,0,0,0,0.14648420511783486
2019-07-13 04:00:00,1664172,1642380.8680419468,1460293.6199590014,1849822.2384876136,21791.131958053214,-1.4838821047865194,0,0,0,0.14838821047865194
2019-07-13 04:05:00,1683215,1644646.1088775943,1447261.6195746176,1855151.151325496,38568.89112240565,-1.3684078638000163,0,0,0,0.13684078638000163
2019-07-13 04:10:00,1690032,1646914.7096562325,1446688.4721747003,1826492.3111540556,43117.2903437675,-1.3371031500628983,0,0,0,0.13371031500628983
2019-07-13 04:15:00,1685351,1649180.06054325,1451179.753517018,1841013.554929399,36170.93945674994,-1.38491195387554,0,0,0,0.138491195387554
2019-07-13 04:20:00,1650578,1651435.4432965675,1462019.8051517766,1846133.9438098646,-857.4432965675369,-1.6397626971429642,0,0,0,0.16397626971429644
2019-07-13 04:25:00,1676443,1653674.066655,1462175.1242669346,1859082.9246297937,22768.933345000027,-1.4771523101883746,0,0,0,0.14771523101883746
2019-07-13 04:30:00,1732922,1655889.103343091,1459700.599532167,1829766.3329391538,77032.89665690903,-1.1036763343455664,0,0,0,0.11036763343455665
2019-07-13 04:35:00,1751998,1658073.7285315427,1480528.0382489737,1855393.7082219694,93924.2714684573,-0.9874201247722211,0,0,0,0.09874201247722211
2019-07-13 04:40:00,1789891,1660221.1594973714,1459966.9183969072,1852175.4641771219,129669.84050262859,-0.7413984473588481,0,0,0,0.07413984473588481
2019-07-13 04:45:00,1772397,1662324.6962378966,1475027.82430972,1872289.7844129936,110072.30376210343,-0.8762800282749367,0,0,0,0.08762800282749367
2019-07-13 04:50:00,1773659,1664377.7627709287,1462512.4084789106,1881949.0787880202,109281.23722907132,-0.8817246056214629,0,0,0,0.0881724605621463
2019-07-13 04:55:00,1848463,1666373.9488615973,1464533.314392171,1863320.325972399,182089.05113840266,-0.38061912623600436,0,0,0,0.03806191262360044
2019-07-13 05:00:00,2242384,1668307.0518763787,1464739.1384566715,1862575.7194633828,574076.9481236213,2.31726826366269,1,0,1,1.231726826366269
2019-07-13 05:05:00,1870772,1670171.1184918175,1483357.950062509,1860312.3120725662,200600.8815081825,-0.25321000441698044,1,0,1,1.025321000441698
2019-07-13 05:10:00,1835921,1671960.4859626894,1490154.908067433,1864221.538942612,163960.5140373106,-0.5053902021250927,0,0,0,0.05053902021250927
2019-07-13 05:15:00,2270672,1673669.8226454544,1474849.0270226817,1858674.5969848589,597002.1773545456,2.4750529486704,1,0,1,1.24750529486704
2019-07-13 05:20:00,1957364,1675294.1674990535,1472608.2662272323,1856633.8864967788,282069.8325009465,0.3075064290292817,1,0,1,1.030750642902928
2019-07-13 05:25:00,1837977,1676828.9682545261,1489481.7657954483,1866565.7407710974,161148.03174547385,-0.524747331689085,0,0,0,0.05247473316890851
2019-07-13 05:30:00,1742514,1678270.117966727,1484312.5745671247,1863721.0593515437,64243.88203327311,-1.1916977287500943,0,0,0,0.11916977287500943
2019-07-13 05:35:00,1766953,1679613.9896752285,1487813.0504977996,1868515.9162823758,87339.01032477152,-1.0327437001565134,0,0,0,0.10327437001565135
2019-07-13 05:40:00,1732096,1680857.4688860367,1497425.9745175259,1869283.554992348,51238.53111396334,-1.2812080746466572,0,0,0,0.12812080746466573
2019-07-13 05:45:00,1865658,1681997.9836273128,1494205.809230953,1888028.372727309,183660.01637268718,-0.3698068350195098,0,0,0,0.03698068350195098
2019-07-13 05:50:00,1873796,1683033.5317983173,1481648.5563547676,1874314.92293212,190762.46820168267,-0.32092365425249647,0,0,0,0.032092365425249646
2019-07-13 05:55:00,1844867,1683962.705609595,1464900.5629449864,1849092.7101092087,160904.29439040506,-0.5264248731176464,0,0,0,0.052642487311764644
2019-07-13 06:00:00,1922344,1684784.712869595,1497395.56175268,1882120.9673609158,237559.28713040496,0.0011591157671432249,1,0,1,1.0001159115767144
2019-07-13 06:05:00,2266414,1685499.3949172194,1500032.4686026042,1869472.0675878474,580914.6050827806,2.364328973007153,1,0,1,1.2364328973007153
2019-07-13 06:10:00,1899741,1686107.2410322048,1495064.065127214,1883903.9983601833,213633.75896779518,-0.16351020495171828,1,0,1,1.0163510204951718
2019-07-13 06:15:00,1968314,1686609.3991384774,1496112.6814973797,1878251.6924369335,281704.6008615226,0.30499269367680765,1,0,1,1.0304992693676807
2019-07-13 06:20:00,1857103,1687007.6826874188,1483076.7857163695,1876734.037779881,170095.31731258123,-0.4631669382867045,0,0,0,0.04631669382867046
2019-07-13 06:25:00,1723219,1687304.5735841477,1497275.5844602983,1886185.61350271,35914.42641585227,-1.3866774249620324,0,0,0,0.13866774249620326
2019-07-13 06:30:00,1796735,1687503.2210812524,1479112.1272397167,1883997.4285459556,109231.77891874756,-0.8820650063143783,0,0,0,0.08820650063143784
2019-07-13 06:35:00,1846123,1687607.436571677,1490868.9403155656,1891025.503264282,158515.56342832302,-0.5428655009789315,0,0,0,0.054286550097893155
2019-07-13 06:40:00,1939410,1687621.684246345,1496173.5601019864,1885450.2630075058,251788.31575365504,0.09909151926331938,1,0,1,1.009909151926332
2019-07-13 06:45:00,1844722,1687551.0676036654,1492297.1401937122,1881633.2872924064,157170.9323963346,-0.5521200293283229,0,0,0,0.055212002932832294
2019-07-13 06:50:00,1888348,1687401.3118360445,1497337.6096171804,1886243.6538508532,200946.68816395546,-0.250829963035274,1,0,1,1.0250829963035275
2019-07-13 06:55:00,1917464,1687178.7421353152,1481670.8300127927,1881063.8559741243,230285.2578646848,-0.04890496014099764,1,0,1,1.0048904960140999
2019-07-13 07:00:00,1960245,1686890.2579907442,1494394.1826186937,1879858.9630120161,273354.7420092558,0.2475241364121071,1,0,1,1.0247524136412107
2019-07-13 07:05:00,2282007,1686543.3035954982,1503188.7200709353,1878671.7398984276,595463.6964045018,2.4644642330834006,1,0,1,1.24644642330834
2019-07-13 07:10:00,1939829,1686145.8344640753,1495447.2649607344,1884609.0262237168,253683.16553592472,0.1121329712383798,1,0,1,1.011213297123838
2019-07-13 07:15:00,1889285,1685706.2804531318,1481876.223678306,1873027.6135113004,203578.71954686823,-0.23271480097952882,1,0,1,1.023271480097953
2019-07-13 07:20:00,1917089,1685233.5053385624,1506995.544235111,1875376.456261398,231855.49466143758,-0.03809768245284495,1,0,1,1.0038097682452845
2019-07-13 07:25:00,1871278,1684736.763171668,1486932.9514275559,1875791.52365245,186541.23682833207,-0.3499766096615681,0,0,0,0.034997660966156814
2019-07-13 07:30:00,1965371,1684225.6516396103,1495870.2959612515,1890528.6667520518,281145.3483603897,0.3011435945536461,1,0,1,1.0301143594553646
2019-07-13 07:35:00,1929842,1683710.0626918038,1479515.7806352924,1892875.0418806481,246131.9373081962,0.060161051772192733,1,0,1,1.0060161051772192
2019-07-13 07:40:00,1978105,1683200.130695629,1491813.4823172544,1882237.662012869,294904.86930437107,0.3958445746893009,1,0,1,1.0395844574689301
2019-07-13 07:45:00,2054429,1682706.1784224547,1489173.4984164948,1877659.2950594262,371722.82157754526,0.9245501453193333,1,0,1,1.0924550145319334
2019-07-13 07:50:00,2011693,1682238.6611757893,1484523.0996957857,1868290.1641141034,329454.3388242107,0.6336340035521504,1,0,1,1.063363400355215
2019-07-13 07:55:00,2060953,1681808.1093801844,1486690.8583068196,1876213.8023653126,379144.89061981556,0.9756331165796771,1,0,1,1.0975633116579677
2019-07-13 08:00:00,1964457,1681425.06998499,1484843.227225561,1867038.618138782,283031.93001501006,0.3141281404928448,1,0,1,1.0314128140492844
2019-07-13 08:05:00,2158206,1681100.047011562,1485522.6608901066,1867380.407946442,477105.9529884381,1.6498577977446471,1,0,1,1.1649857797744647
2019-07-13 08:10:00,2140888,1680843.4416295113,1477416.8356493986,1874083.9559019872,460044.5583704887,1.5324314135428236,1,0,1,1.1532431413542823
2019-07-13 08:15:00,1981494,1680665.4921054593,1487161.6441337874,1874484.3854638778,300828.5078945407,0.43661448105030903,1,0,1,1.0436614481050308
2019-07-13 08:20:00,1962190,1680576.2140070961,1492926.0045597816,1877795.8952235784,281613.78599290387,0.3043676532336048,1,0,1,1.0304367653233606
2019-07-13 08:25:00,1852525,1680585.3410291541,1495742.3442167654,1885608.5738405597,171939.65897084586,-0.45047311242941124,0,0,0,0.045047311242941125
2019-07-13 08:30:00,1923987,1680702.266812211,1481524.6550636287,1876353.181383843,243284.7331877891,0.040564946504678276,1,0,1,1.0040564946504678
2019-07-13 08:35:00,1898214,1680935.9881230833,1492660.6483990096,1883443.3778843458,217278.01187691675,-0.13842834899459044,1,0,1,1.013842834899459
2019-07-13 08:40:00,1876551,1681295.0497537362,1482029.9003311705,1863340.6736299437,195255.95024626376,-0.289996912284061,1,0,1,1.028999691228406
2019-07-13 08:45:00,1899297,1681787.4914967495,1479728.6751186794,1867029.418154563,217509.50850325054,-0.1368350553398795,1,0,1,1.013683505533988
2019-07-13 08:50:00,1903605,1682420.797531727,1491616.3484588587,1888079.6311006167,221184.202468273,-0.11154368643227072,1,0,1,1.0111543686432272
2019-07-13 08:55:00,1889441,1683201.8485587763,1477036.051376124,1871978.1019126668,206239.1514412237,-0.21440417018029134,1,0,1,1.0214404170180291
2019-07-13 09:00:00,1864847,1684136.8769866242,1484837.909433544,1890593.273884667,180710.1230133758,-0.3901097070133668,0,0,0,0.03901097070133668
2019-07-13 09:05:00,2240952,1685231.4254749226,1472253.9638293257,1874458.1769518652,555720.5745250774,2.190929085242473,1,0,1,1.2190929085242472
2019-07-13 09:10:00,1884794,1686490.3090999005,1519977.8137589213,1886421.3833730936,198303.69090009946,-0.2690205986251344,0,0,0,0.02690205986251344
2019-07-13 09:15:00,1899020,1687917.581405547,1495648.6705319704,1877879.3127155984,211102.41859445302,-0.18093235325095208,1,0,1,1.018093235325095
2019-07-13 09:20:00,1879525,1689516.5045640334,1490803.1913285106,1878382.4205226533,190008.49543596664,-0.3261129308413831,1,0,1,1.0326112930841382
2019-07-13 09:25:00,1878626,1691289.5238579519,1498126.6716116173,1886255.0022154816,187336.47614204814,-0.3445033128252957,0,0,0,0.03445033128252958
2019-07-13 09:30:00,1754127,1693238.2466534665,1503988.1025986334,1880795.2271301397,60888.753346533515,-1.2147896646110208,0,0,0,0.12147896646110208
2019-07-13 09:35:00,1765305,1695363.4260268311,1504478.7232528196,1894283.9008492364,69941.57397316885,-1.1524829178990548,0,0,0,0.11524829178990548
2019-07-13 09:40:00,1850886,1697664.9491531854,1512641.1693164303,1899491.6778351248,153221.05084681464,-0.5793053983307879,0,0,0,0.05793053983307879
2019-07-13 09:45:00,1858240,1700141.8305657846,1510864.972013315,1895906.6399084271,158098.1694342154,-0.5457382478213292,0,0,0,0.05457382478213292
2019-07-13 09:50:00,1850911,1702792.210334861,1514241.709971622,1907009.122688431,148118.78966513905,-0.6144221103718519,0,0,0,0.061442211037185196
2019-07-13 09:55:00,1847253,1705613.3571983457,1535531.6697597257,1893222.0713950188,141639.6428016543,-0.6590153459149288,0,0,0,0.06590153459149288
2019-07-13 10:00:00,1977128,1708601.6766571314,1515086.4035062094,1900237.262341363,268526.3233428686,0.2142921669217615,1,0,1,1.0214292166921761
2019-07-13 10:05:00,2167005,1711752.7239711306,1525911.6253899417,1913210.176080393,455252.27602886944,1.4994481551368217,1,0,1,1.1499448155136822
2019-07-13 10:10:00,1858604,1715061.2220286354,1516633.8482636837,1919996.4624798333,143542.77797136456,-0.6459168691121421,0,0,0,0.06459168691121421
2019-07-13 10:15:00,1823072,1718521.0839871948,1527607.032231543,1922251.1832494286,104550.91601280519,-0.9142814117312595,0,0,0,0.09142814117312596
2019-07-13 10:20:00,1824115,1722125.440520487,1525768.6357563126,1924632.660503854,101989.55947951297,-0.9319101486013274,0,0,0,0.09319101486013275
2019-07-13 10:25:00,1811129,1725866.671571825,1529510.1579039816,1925900.868647608,85262.32842817507,-1.0470366258941406,0,0,0,0.10470366258941406
2019-07-13 10:30:00,1758535,1729736.4424092053,1539038.259884673,1929708.277461207,28798.55759079475,-1.4356529492548649,0,0,0,0.1435652949254865
2019-07-13 10:35:00,1812924,1733725.7437577986,1540634.7504629125,1930802.5232353443,79198.25624220143,-1.0887730774728757,0,0,0,0.10887730774728757
2019-07-13 10:40:00,1916548,1737824.9357802498,1551856.1134893112,1935603.2998273706,178723.06421975023,-0.40378579472816645,0,0,0,0.040378579472816645
2019-07-13 10:45:00,1844303,1742023.795657985,1550236.0340536772,1942935.5156082916,102279.20434201509,-0.9299166451587381,0,0,0,0.09299166451587382
2019-07-13 10:50:00,1843123,1746311.56846636,1541356.334560154,1930801.3132536148,96811.43153364002,-0.9675490195866208,0,0,0,0.09675490195866208
2019-07-13 10:55:00,1807428,1750677.0210609438,1562271.4008893967,1940410.9276472458,56750.978939056164,-1.2432682209185888,0,0,0,0.12432682209185889
2019-07-13 11:00:00,1867614,1755108.4986194295,1559408.3064898315,1956777.1122525549,112505.50138057047,-0.8595333551697686,0,0,0,0.08595333551697687
2019-07-13 11:05:00,2185761,1759593.9835314378,1548693.0441979056,1942421.6707158433,426167.0164685622,1.299266579115758,1,0,1,1.1299266579115759
2019-07-13 11:10:00,1898445,1764121.156238819,1569532.910735552,1973483.6131220164,134323.843761181,-0.7093669055679814,0,0,0,0.07093669055679815
2019-07-13 11:15:00,1810518,1768677.4577224588,1597525.9602977997,1965227.6195062667,41840.542277541244,-1.3458904685858455,0,0,0,0.13458904685858455
2019-07-13 11:20:00,1825004,1773250.1531697605,1594727.132182512,1971520.6433150594,51753.84683023952,-1.2776613738851015,0,0,0,0.12776613738851014
2019-07-13 11:25:00,1759032,1777826.3965226205,1595991.6739319789,1987218.1216414461,-18794.39652262046,-1.7632151820129134,0,0,0,0.17632151820129136
2019-07-13 11:30:00,1789742,1782393.2954523906,1595872.9049185733,1984883.0155511224,7348.704547609435,-1.5832832421426373,0,0,0,0.15832832421426374
2019-07-13 11:35:00,1755317,1786937.9763926847,1609672.986233384,1968514.4859780115,-31620.976392684737,-1.8514951221669833,0,0,0,0.18514951221669834
2019-07-13 11:40:00,1857418,1791447.649241648,1599912.1958490931,1975714.6471645993,65970.35075835208,-1.1798151725837729,0,0,0,0.1179815172583773
2019-07-13 11:45:00,1852502,1795909.6713633316,1609388.712283031,1986522.3268168552,56592.32863666839,-1.2443601440455716,0,0,0,0.12443601440455716
2019-07-13 11:50:00,1858488,1800311.610415412,1601124.5542508413,1988668.7921781945,58176.38958458789,-1.2334577205547155,0,0,0,0.12334577205547155
2019-07-13 11:55:00,1858314,1804641.3057572385,1595381.3985072807,1984842.038495213,53672.69424276147,-1.2644547563410453,0,0,0,0.12644547563410455
2019-07-13 12:00:00,1864453,1808886.9279713256,1609365.8462707498,1986056.772383626,55566.07202867442,-1.2514234354961533,0,0,0,0.12514234354961534
2019-07-13 12:05:00,2239304,1813037.0361962228,1628627.2807849338,2003878.11715123,426266.96380377724,1.2999544744752949,1,0,1,1.1299954474475296
2019-07-13 12:10:00,1911711,1817080.632905009,1622477.2532935631,2006059.2102505327,94630.36709499103,-0.982560366342078,0,0,0,0.0982560366342078
2019-07-13 12:15:00,1997926,1821007.2158248196,1627325.8543499669,2006761.1554197664,176918.78417518036,-0.4162038933927649,0,0,0,0.041620389339276496
2019-07-13 12:20:00,1894862,1824806.826712565,1623564.6372602342,2027775.4011465162,70055.17328743497,-1.15170106172488,0,0,0,0.115170106172488
2019-07-13 12:25:00,1866762,1828470.0966553383,1625743.6104893626,2016352.4558610613,38291.903344661696,-1.370314253865829,0,0,0,0.13703142538658292
2019-07-13 12:30:00,1823177,1831988.2877271064,1638428.3162081446,2036900.8704675513,-8811.287727106363,-1.6945056541459858,0,0,0,0.16945056541459858
2019-07-13 12:35:00,1806753,1835353.3306471936,1623924.9976911729,2026871.06851976,-28600.330647193594,-1.83070529133601,0,0,0,0.183070529133601
2019-07-13 12:40:00,1836836,1838557.858377384,1647046.7924481528,2016649.97213212,-1721.8583773840219,-1.6457121016121052,0,0,0,0.16457121016121054
2019-07-13 12:45:00,1881054,1841595.235358864,1654579.9622665823,2045772.082131739,39458.76464113593,-1.3622832396387818,0,0,0,0.13622832396387818
2019-07-13 12:50:00,1889576,1844459.5823208157,1661875.393048919,2037109.135098588,45116.41767918435,-1.3233439996643688,0,0,0,0.1323343999664369
2019-07-13 12:55:00,1871694,1847145.7964994162,1665089.5584042035,2046443.0880122208,24548.203500583768,-1.4649063440427579,0,0,0,0.1464906344042758
2019-07-13 13:00:00,1924704,1849649.5672004854,1677112.345994265,2048472.0802435447,75054.43279951462,-1.1172932667388542,0,0,0,0.11172932667388542
2019-07-13 13:05:00,2262431,1851967.3866270024,1646279.9992166841,2031707.5274707242,410463.6133729976,1.1911866778844777,1,0,1,1.1191186677884477
2019-07-13 13:10:00,1968949,1854096.5559616575,1659116.9214240636,2051649.468714811,114852.44403834245,-0.8433803385845215,0,0,0,0.08433803385845216
2019-07-13 13:15:00,1953231,1856035.1867160646,1663254.8667135076,2060125.2656599693,97195.81328393542,-0.9649034820968032,0,0,0,0.09649034820968033
2019-07-13 13:20:00,1930363,1857782.1973343156,1674466.8881670116,2045817.835952787,72580.80266568437,-1.1343182197964883,0,0,0,0.11343182197964884
2019-07-13 13:25:00,1934091,1859337.3051788127,1667427.2946059844,2059507.989278475,74753.6948211873,-1.1193631194195952,0,0,0,0.11193631194195952
2019-07-13 13:30:00,1927167,1860701.0139456016,1679190.7875341463,2057221.6883337072,66465.98605439835,-1.176403923855238,0,0,0,0.1176403923855238
2019-07-13 13:35:00,1945295,1861874.5966543432,1673670.0175099827,2042400.2719047712,83420.40334565681,-1.059713819479665,0,0,0,0.1059713819479665
2019-07-13 13:40:00,1957817,1862860.074349477,1660525.0528586006,2066239.739711147,94956.92565052304,-0.9803128015172218,0,0,0,0.09803128015172219
2019-07-13 13:45:00,1952950,1863660.190706081,1666184.081258187,2062850.004387924,89289.80929391901,-1.0193171735224809,0,0,0,0.1019317173522481
2019-07-13 13:50:00,1926602,1864278.3827306163,1666367.4299064602,2046588.6648455309,62323.61726938374,-1.204914101325902,0,0,0,0.1204914101325902
2019-07-13 13:55:00,1928780,1864718.747787411,1681870.448827828,2073148.0427431439,64061.25221258891,-1.192954692789119,0,0,0,0.11929546927891191
2019-07-13 14:00:00,1992931,1864986.0072033054,1663377.851122146,2063314.43506371,127944.99279669463,-0.7532698467339936,0,0,0,0.07532698467339936
2019-07-13 14:05:00,2302470,1865085.466708232,1668728.3447280845,2050964.085389211,437384.53329176805,1.3764720168756,1,0,1,1.13764720168756
2019-07-13 14:10:00,2115447,1865022.9740129444,1699344.6727663537,2064742.4648516618,250424.02598705562,0.0897016881338771,1,0,1,1.0089701688133876
2019-07-13 14:15:00,1931220,1864804.8738183742,1665033.7365446757,2075803.4632395336,66415.12618162576,-1.1767539709114363,0,0,0,0.11767539709114364
2019-07-13 14:20:00,1932890,1864437.9605749024,1664027.0290847234,2057033.2405612685,68452.03942509764,-1.1627347560424435,0,0,0,0.11627347560424435
2019-07-13 14:25:00,1923772,1863929.4293229557,1657403.0522298291,2060567.1253039506,59842.570677044336,-1.2219900987398629,0,0,0,0.1221990098739863
2019-07-13 14:30:00,1854880,1863286.8249530224,1661770.343381201,2070581.3832094625,-8406.824953022413,-1.6917219074377916,0,0,0,0.16917219074377918
2019-07-13 14:35:00,1965327,1862517.9902254606,1652410.450125738,2066879.672074884,102809.00977453939,-0.9262702177906986,0,0,0,0.09262702177906987
2019-07-13 14:40:00,1927923,1861631.0129135111,1662750.2914085172,2060009.7143790117,66291.98708648887,-1.1776014853743277,0,0,0,0.11776014853743277
2019-07-13 14:45:00,1922359,1860634.17240166,1675477.8761803864,2057337.0124668297,61724.82759834011,-1.2090353181163558,0,0,0,0.12090353181163559
2019-07-13 14:50:00,1967763,1859535.8861134783,1678654.5331617026,2052963.488104559,108227.11388652166,-0.8889796920543225,0,0,0,0.08889796920543225
2019-07-13 14:55:00,2040230,1858344.65610012,1655930.5728372317,2030813.2523888538,181885.34389988007,-0.3820211572534618,1,0,1,1.0382021157253463
2019-07-13 15:00:00,2006664,1857069.0161449786,1669346.8904366724,2066844.9647460848,149594.98385502142,-0.6042620882881202,0,0,0,0.06042620882881203
2019-07-13 15:05:00,2219015,1855717.4797114797,1666479.553088522,2056290.1994328522,363297.52028852026,0.8665623495772242,1,0,1,1.0866562349577225
2019-07-13 15:10:00,1947798,1854298.4890790023,1657476.2294890403,2040015.1491004105,93499.51092099771,-0.9903435724947943,0,0,0,0.09903435724947944
2019-07-13 15:15:00,2051801,1852820.3659590816,1658609.8020784494,2045494.1776269742,198980.63404091843,-0.26436148446028357,1,0,1,1.0264361484460283
2019-07-13 15:20:00,1963998,1851291.263909977,1655846.4161898282,2051715.4610684232,112706.73609002307,-0.8581483415272108,0,0,0,0.08581483415272108
2019-07-13 15:25:00,1916124,1849719.1228328384,1657742.4259071904,2038199.9913481965,66404.87716716155,-1.1768245105558859,0,0,0,0.1176824510555886
2019-07-13 15:30:00,1993235,1848111.6257985265,1648287.0015368669,2034184.7602848252,145123.37420147355,-0.6350382918128709,0,0,0,0.0635038291812871
2019-07-13 15:35:00,1998903,1846476.158507461,1652624.3904443306,2050291.3101385792,152426.84149253904,-0.5847716063905753,0,0,0,0.058477160639057536
2019-07-13 15:40:00,2015871,1844819.7715222016,1653653.664229292,2050399.9179701419,171051.2284777984,-0.4565878048534087,0,0,0,0.045658780485340875
2019-07-13 15:45:00,1947562,1843149.14557212,1643880.6430327443,2039808.2718933392,104412.85442787991,-0.9152316313984075,0,0,0,0.09152316313984075
2019-07-13 15:50:00,1977730,1841470.5600436276,1636233.5962580792,2014107.3239565298,136259.43995637237,-0.6960450132159336,0,0,0,0.06960450132159336
2019-07-13 15:55:00,1950016,1839789.8648476223,1644988.9329468796,2028525.0253568015,110226.13515237765,-0.8752212716878499,0,0,0,0.08752212716878499
2019-07-13 16:00:00,2042046,1838112.455785597,1649265.5987442771,2029638.785114332,203933.54421440302,-0.2302726924258476,1,0,1,1.0230272692425848
2019-07-13 16:05:00,2257620,1836443.2535154563,1651744.4747796664,2029719.6122003042,421176.74648454366,1.264920655260407,1,0,1,1.1264920655260406
2019-07-13 16:10:00,2143768,1834786.68621958,1641157.4285301561,2025986.406517105,308981.31378042,0.49272680584648787,1,0,1,1.0492726805846488
2019-07-13 16:15:00,2058854,1833146.6759808103,1635792.2155275496,2021094.5390775811,225707.3240191897,-0.08041294824099099,1,0,1,1.008041294824099
2019-07-13 16:20:00,2012317,1831526.6289659594,1642614.9850365198,2041341.0689289765,180790.37103404058,-0.38955739372848996,0,0,0,0.038955739372849
2019-07-13 16:25:00,1976841,1829929.4293232784,1638776.9450505003,2023825.7179461713,146911.57067672163,-0.622730889573319,0,0,0,0.062273088957331905
2019-07-13 16:30:00,1982226,1828357.436860084,1629845.3259699037,2032044.3377552943,153868.56313991593,-0.5748488442795076,0,0,0,0.05748488442795076
2019-07-13 16:35:00,1945972,1826812.4883693783,1646761.2053398169,2017370.3315813113,119159.51163062174,-0.8137366086785194,0,0,0,0.08137366086785194
2019-07-13 16:40:00,1977843,1825295.9025851402,1630710.5970864748,2013600.9701274803,152547.0974148598,-0.5839439355903158,0,0,0,0.05839439355903158
2019-07-13 16:45:00,1970708,1823808.4886294636,1634943.988702338,2036640.0401909533,146899.5113705364,-0.6228138886922671,0,0,0,0.06228138886922671
2019-07-13 16:50:00,1957126,1822350.5578380069,1617875.3772391947,2015597.3402567457,134775.44216199312,-0.7062587442185625,0,0,0,0.07062587442185625
2019-07-13 16:55:00,1958225,1820921.938818804,1620424.5842889766,2009527.1880510163,137303.061181196,-0.6888622084305386,0,0,0,0.06888622084305386
2019-07-13 17:00:00,1971509,1819521.9955585492,1615588.4190815054,2011930.5797601421,151987.00444145082,-0.5877988193297184,0,0,0,0.058779881932971845
2019-07-13 17:05:00,2316120,1818149.6484276354,1628817.2370524246,2023580.5157296094,497970.35157236457,1.793458654481094,1,0,1,1.1793458654481095
2019-07-13 17:10:00,1956100,1816803.3978231014,1623267.045422983,2012398.7436002728,139296.60217689862,-0.6751415064524493,0,0,0,0.06751415064524494
2019-07-13 17:15:00,1963425,1815481.3502840344,1606176.081118324,2001191.2735398943,147943.6497159656,-0.6156275247838187,0,0,0,0.06156275247838187
2019-07-13 17:20:00,1943101,1814181.2467974785,1619273.365930792,2004032.8506858791,128919.75320252148,-0.7465609819264867,0,0,0,0.07465609819264866
2019-07-13 17:25:00,1946397,1812900.4930844007,1620872.7673181589,2001324.8817881688,133496.50691559934,-0.715061116180248,0,0,0,0.07150611161802481
2019-07-13 17:30:00,1982728,1811636.1915818942,1613947.3130363834,1993710.9624965088,171091.80841810582,-0.45630851023722224,0,0,0,0.045630851023722226
2019-07-13 17:35:00,1994837,1810385.1748698337,1619831.896905861,2019910.8602420827,184451.82513016625,-0.3643571492551182,0,0,0,0.03643571492551182
2019-07-13 17:40:00,2081225,1809144.0402707274,1619572.418531665,1991503.5438718346,272080.95972927264,0.23875723014517058,1,0,1,1.023875723014517
2019-07-13 17:45:00,2069765,1807909.1853301085,1623855.2211643294,2016579.61035031,261855.8146698915,0.16838186874305675,1,0,1,1.0168381868743057
2019-07-13 17:50:00,1960193,1806676.8439323534,1622287.03640935,2008728.3299551138,153516.15606764657,-0.5772743135444999,0,0,0,0.05772743135444999
2019-07-13 17:55:00,2075270,1805443.1227375865,1608245.656821579,1996762.4335264897,269826.8772624135,0.2232433310939447,1,0,1,1.0223243331093945
2019-07-13 18:00:00,2039328,1804204.0376922716,1605554.5467137492,1998267.8168074982,235123.96230772836,-0.015602197987536884,1,0,1,1.0015602197987536
2019-07-13 18:05:00,2399781,1802955.5503307488,1619051.3081801815,2001211.8772919748,596825.4496692512,2.4738366065402766,1,0,1,1.2473836606540276
2019-07-13 18:10:00,2018711,1801693.603601581,1621702.699266928,1992649.5547170483,217017.39639841905,-0.14022205542904667,1,0,1,1.0140222055429047
2019-07-13 18:15:00,1980510,1800414.1569816305,1613654.9866902851,1989074.103705143,180095.84301836952,-0.3943375371712376,0,0,0,0.039433753717123765
2019-07-13 18:20:00,1903644,1799113.220598888,1611255.5583950612,1994255.949835113,104530.77940111212,-0.9144200035377409,0,0,0,0.09144200035377409
2019-07-13 18:25:00,1976117,1797786.888168942,1599587.908426112,2001369.193153874,178330.11183105805,-0.4064903203077488,0,0,0,0.040649032030774884
2019-07-13 18:30:00,1942486,1796431.368481373,1608873.4261439447,1988986.8974584464,146054.63151862705,-0.6286288404190334,0,0,0,0.06286288404190335
2019-07-13 18:35:00,1888946,1795043.015283696,1592906.268845487,2002062.617681568,93902.98471630411,-0.9875666325104643,0,0,0,0.09875666325104643
2019-07-13 18:40:00,1943651,1793618.355321375,1594373.1009373413,2000119.4319616237,150032.64467862505,-0.6012498534050177,0,0,0,0.06012498534050177
2019-07-13 18:45:00,1943516,1792154.114390949,1605731.980911734,1985328.623237485,151361.88560905098,-0.5921012486345276,0,0,0,0.059210124863452764
2019-07-13 18:50:00,1959208,1790647.241254901,1596410.5860993734,1993334.8272811212,168560.75874509895,-0.47372865776863937,0,0,0,0.04737286577686394
2019-07-13 18:55:00,1966156,1789094.9292685753,1599010.9642339027,1982839.2256497643,177061.07073142473,-0.4152245950297385,0,0,0,0.041522459502973855
2019-07-13 19:00:00,1924655,1787494.6356221288,1596887.3484240673,1987761.8277077377,137160.36437787116,-0.689844330351215,0,0,0,0.0689844330351215
2019-07-13 19:05:00,2199130,1785844.0980845643,1583880.291449613,1983545.44354709,413285.9019154357,1.210611299735969,1,0,1,1.1210611299735969
2019-07-13 19:10:00,2038128,1784141.3492202465,1580087.1392842084,1990364.7517976346,253986.65077975346,0.11422173218901892,1,0,1,1.011422173218902
2019-07-13 19:15:00,1966812,1782384.727957285,1579963.1390632337,1979120.4383843231,184427.272042715,-0.3645261378017731,0,0,0,0.03645261378017731
2019-07-13 19:20:00,1959250,1780572.8885706577,1593698.8300474866,1959215.997619563,178677.1114293423,-0.4041020684058124,1,0,1,1.0404102068405812
2019-07-13 19:25:00,1848884,1778704.8069895061,1579722.7017288457,1974523.4129923396,70179.19301049388,-1.1508474862713705,0,0,0,0.11508474862713705
2019-07-13 19:30:00,1872096,1776779.7844965162,1576853.6209381365,1978605.600400082,95316.21550348378,-0.9778399609752653,0,0,0,0.09778399609752653
2019-07-13 19:35:00,1820169,1774797.4488355077,1566971.7564507588,1962630.2840715894,45371.551164492266,-1.3215880234772288,0,0,0,0.1321588023477229
2019-07-13 19:40:00,1885416,1772757.7527814228,1580448.4358799949,1973987.8188009784,112658.24721857719,-0.8584820699811512,0,0,0,0.08584820699811513
2019-07-13 19:45:00,1866084,1770660.9702613824,1568362.0464843276,1964699.4407398172,95423.0297386176,-0.9771048036394252,0,0,0,0.09771048036394253
2019-07-13 19:50:00,1892324,1768507.69010262,1580122.8563826135,1957017.4428199516,123816.30989737995,-0.7816858300248539,0,0,0,0.0781685830024854
2019-07-13 19:55:00,1892679,1766298.807534932,1575712.6814078516,1961629.8204466687,126380.19246506807,-0.7640397075252918,0,0,0,0.0764039707525292
2019-07-13 20:00:00,1887449,1764035.513551345,1562903.6753774483,1964615.3255842542,123413.4864486549,-0.7844582939479219,0,0,0,0.0784458293947922
2019-07-13 20:05:00,2065241,1761719.2823174712,1562046.06731991,1964185.3981636642,303521.7176825288,0.4551507082686683,1,0,1,1.0455150708268668
2019-07-13 20:10:00,1983443,1759351.8567245891,1568478.5314772716,1943503.4773198674,224091.14327541087,-0.09153643874152141,1,0,1,1.0091536438741522
2019-07-13 20:15:00,1722979,1756935.2322928593,1571492.5915685063,1943373.202970202,-33956.23229285935,-1.8675677037281053,0,0,0,0.18675677037281055
2019-07-13 20:20:00,1688337,1754471.639607502,1541199.7191691734,1934329.1243793375,-66134.63960750191,-2.089038111332225,0,0,0,0.20890381113322254
2019-07-13 20:25:00,1798446,1751963.5254478033,1570152.4943033725,1945944.4896763053,46482.47455219668,-1.3139420062866922,0,0,0,0.13139420062866922
2019-07-13 20:30:00,1843413,1749413.5328304523,1539874.004587908,1956468.8229489173,93999.46716954769,-0.9869025844723633,0,0,0,0.09869025844723633
2019-07-13 20:35:00,1784089,1746824.4801463461,1565224.695395949,1945497.0067749647,37264.51985365385,-1.3773853011769779,0,0,0,0.1377385301176978
2019-07-13 20:40:00,1822322,1744199.339627334,1560775.7459323187,1932377.9801505066,78122.66037266608,-1.0961759502538073,0,0,0,0.10961759502538074
2019-07-13 20:45:00,1801678,1741541.2152898633,1527988.8006282235,1935358.7478842041,60136.78471013671,-1.2199651476229638,0,0,0,0.12199651476229639
2019-07-13 20:50:00,1781756,1738853.3206470544,1560211.6201695816,1932726.9620911793,42902.67935294565,-1.3385802270092149,0,0,0,0.13385802270092148
2019-07-13 20:55:00,1780917,1736138.9563055092,1538402.8043212227,1936419.5382448353,44778.0436944908,-1.3256728851054642,0,0,0,0.13256728851054642
2019-07-13 21:00:00,1844479,1733401.48770781,1554772.6375132746,1942671.1767692068,111077.51229218999,-0.8693616018684158,0,0,0,0.08693616018684158
2019-07-13 21:05:00,2177529,1730644.3231921063,1514964.5971378514,1921187.769233161,446884.6768078937,1.4418574983955808,1,0,1,1.144185749839558
2019-07-13 21:10:00,1880521,1727870.8925563572,1538550.6271725465,1910835.7638278266,152650.1074436428,-0.5832349610025181,0,0,0,0.058323496100251816
2019-07-13 21:15:00,1818071,1725084.6263302024,1526819.9752873832,1920522.9654121771,92986.37366979755,-0.9938752797999114,0,0,0,0.09938752797999115
2019-07-13 21:20:00,1800374,1722288.935892405,1526390.5647751868,1911016.8296858163,78085.06410759501,-1.0964347094915863,0,0,0,0.10964347094915863
2019-07-13 21:25:00,1817958,1719487.194620745,1530051.1446700469,1907465.8705782015,98470.80537925498,-0.956128249181097,0,0,0,0.0956128249181097
2019-07-13 21:30:00,1817807,1716682.7201936175,1534448.1099563672,1913677.576910495,101124.27980638249,-0.9378655036947589,0,0,0,0.09378655036947589
2019-07-13 21:35:00,1802385,1713878.7582265153,1504244.755504997,1910544.5088348165,88506.24177348474,-1.0247101383277017,0,0,0,0.10247101383277019
2019-07-13 21:40:00,1786038,1711078.467303489,1512258.5793665077,1901051.9506045126,74959.5326965109,-1.1179464241275463,0,0,0,0.11179464241275464
2019-07-13 21:45:00,1796860,1708284.9055303351,1512893.4909430835,1914813.917954434,88575.09446966485,-1.0242362542557355,0,0,0,0.10242362542557355
2019-07-13 21:50:00,1783836,1705501.0187240816,1511531.3956756643,1902028.5967408807,78334.98127591843,-1.0947146350144799,0,0,0,0.10947146350144799
2019-07-13 21:55:00,1754190,1702729.6302603295,1494248.9961036132,1888112.8666753396,51460.36973967054,-1.2796812529373878,0,0,0,0.12796812529373877
2019-07-13 22:00:00,1795008,1699973.4326657618,1503645.83509195,1906415.8920029355,95034.5673342382,-0.979778426550452,0,0,0,0.09797784265504521
2019-07-13 22:05:00,2070930,1697234.9809762114,1493733.3688504165,1878301.0808355103,373695.0190237886,0.9381239486472739,1,0,1,1.0938123948647274
2019-07-13 22:10:00,1897647,1694516.6878750732,1494701.6166358928,1892864.5820980193,203130.31212492683,-0.2358010001670469,1,0,1,1.0235801000167046
2019-07-13 22:15:00,1769087,1691820.8206260428,1505811.3799050483,1903273.586216598,77266.17937395722,-1.10207074778168,0,0,0,0.110207074778168
2019-07-13 22:20:00,1779777,1689149.4997595733,1494884.0564051499,1880918.0769135116,90627.50024042674,-1.0101104108547525,0,0,0,0.10101104108547526
2019-07-13 22:25:00,1796074,1686504.699507441,1471286.7388845251,1883164.0980116525,109569.3004925591,-0.8797419876579139,0,0,0,0.08797419876579139
2019-07-13 22:30:00,1778637,1683888.2498787304,1484500.8110446383,1894484.8737399986,94748.75012126961,-0.9817455858954586,0,0,0,0.09817455858954587
2019-07-13 22:35:00,1774469,1681301.8403840964,1500053.2276565838,1889580.0229517056,93167.15961590363,-0.9926310063720283,0,0,0,0.09926310063720284
2019-07-13 22:40:00,1765008,1678747.0252382415,1487878.78057338,1863058.085261968,86260.97476175847,-1.04016336431881,0,0,0,0.104016336431881
2019-07-13 22:45:00,1803656,1676225.2300242397,1478479.7946796014,1864136.8556359613,127430.76997576025,-0.7568090255577962,0,0,0,0.07568090255577962
2019-07-13 22:50:00,1815228,1673737.7596348734,1489303.7526673933,1868521.6055965167,141490.24036512664,-0.6600436198811103,0,0,0,0.06600436198811103
2019-07-13 22:55:00,1788418,1671285.8074148637,1470478.3694941192,1873208.2905072651,117132.19258513628,-0.8276897907287369,0,0,0,0.0827689790728737
2019-07-13 23:00:00,1857544,1668870.4653225916,1482169.7447969574,1859507.0444984878,188673.5346774084,-0.3353009027768015,0,0,0,0.033530090277680155
2019-07-13 23:05:00,2029942,1666492.7350320157,1471702.3038387229,1855217.650449278,363449.2649679843,0.8676067442137904,1,0,1,1.0867606744213791
2019-07-13 23:10:00,1967197,1664153.5397341454,1474203.6091345989,1872158.7125086477,303043.4602658546,0.45185906415543337,1,0,1,1.0451859064155433
2019-07-13 23:15:00,1789748,1661853.736529147,1473554.8987982469,1857774.481384201,127894.26347085298,-0.7536189952907191,0,0,0,0.07536189952907191
2019-07-13 23:20:00,1858316,1659594.129252704,1467160.1849284074,1848413.3210361958,198721.8707472959,-0.2661424430873281,1,0,1,1.0266142443087327
2019-07-13 23:25:00,1869067,1657375.481497728,1466773.3342694473,1845403.1908604063,211691.51850227197,-0.17687782701450772,1,0,1,1.0176877827014508
2019-07-13 23:30:00,1874349,1655198.529748163,1477579.6055758628,1840786.7512654755,219150.47025183705,-0.12554100763364487,1,0,1,1.0125541007633645
2019-07-13 23:35:00,1801106,1653063.996356714,1458933.3848428442,1861950.4445368801,148042.00364328595,-0.6149505961788659,0,0,0,0.061495059617886594
2019-07-13 23:40:00,1831026,1650972.6022790307,1457676.6139058035,1856511.1400821374,180053.39772096928,-0.394629670253655,0,0,0,0.0394629670253655
2019-07-13 23:45:00,1808217,1648925.0793245346,1438380.9267309033,1839225.6191006457,159291.92067546537,-0.5375221614441377,0,0,0,0.05375221614441377
2019-07-13 23:50:00,1774661,1646922.181800607,1457934.2761196997,1852305.643342683,127738.8181993931,-0.7546888595414175,0,0,0,0.07546888595414175
2019-07-13 23:55:00,1803682,1644964.6973776515,1448546.5310923846,1844878.1456491575,158717.30262234854,-0.5414770151818042,0,0,0,0.05414770151818043
2019-07-14 00:00:00,2058817,1643053.4570100857,1456599.8839865096,1825805.7344200707,415763.5429899143,1.2276638584066337,1,0,1,1.1227663858406634
2019-07-14 00:05:00,2214738,1641189.3437902266,1451116.9412447272,1833245.8855071554,573548.6562097734,2.3136322532054345,1,0,1,1.2313632253205435
2019-07-14 00:10:00,1920445,1639373.3005869845,1447033.0600389089,1824413.8324084661,281071.6994130155,0.30063669990733605,1,0,1,1.0300636699907335
2019-07-14 00:15:00,1833706,1637606.3363573737,1430643.9401056585,1828541.6898619933,196099.66364262626,-0.28418998877891816,1,0,1,1.0284189988778918
2019-07-14 00:20:00,1783134,1635889.531012161,1437729.639384627,1819262.9411503505,147244.46898783906,-0.620439690884304,0,0,0,0.0620439690884304
2019-07-14 00:25:00,1827388,1634224.038770637,1449319.8655508782,1838467.9005280642,193163.961229363,-0.3043951904755838,0,0,0,0.03043951904755838
2019-07-14 00:30:00,1800412,1632611.0898618435,1425915.5861584428,1835529.9824686726,167800.9101381565,-0.478958375294789,0,0,0,0.0478958375294789
2019-07-14 00:35:00,1740799,1631051.9906036337,1439436.121493472,1831565.9694203867,109747.00939636631,-0.8785188922145556,0,0,0,0.08785188922145556
2019-07-14 00:40:00,1758669,1629548.1217247525,1422093.4609091422,1813347.9571159866,129120.87827524752,-0.7451767228672828,0,0,0,0.07451767228672827
2019-07-14 00:45:00,1748048,1628100.93494822,1422455.1686103991,1833312.3205250232,119947.06505178008,-0.8083162105995073,0,0,0,0.08083162105995073
2019-07-14 00:50:00,1790318,1626711.9478280689,1431527.8404239567,1817697.6698829895,163606.05217193114,-0.5078298136645361,0,0,0,0.05078298136645361
2019-07-14 00:55:00,1813149,1625382.7368179392,1406928.9195675873,1826259.6303339568,187766.2631820608,-0.3415452698741998,0,0,0,0.034154526987419984
2019-07-14 01:00:00,1817373,1624114.9286230733,1438903.3863337794,1825235.2096461474,193258.07137692673,-0.30374747001705316,0,0,0,0.030374747001705317
2019-07-14 01:05:00,2048350,1622910.1898699447,1430971.3751418518,1825299.8803956402,425439.8101300553,1.2942615245576932,1,0,1,1.1294261524557694
2019-07-14 01:10:00,1915764,1621770.2151508415,1430352.5259356333,1826359.4503790692,293993.7848491585,0.38957396459711374,1,0,1,1.0389573964597114
2019-07-14 01:15:00,1725757,1620696.7135296385,1416445.8393593945,1806194.7193702923,105060.28647036152,-0.9107756296783,0,0,0,0.09107756296783
2019-07-14 01:20:00,1675041,1619691.3936035163,1436776.2320970695,1819472.0278513778,55349.60639648372,-1.2529132771568914,0,0,0,0.12529132771568915
2019-07-14 01:25:00,1725659,1618755.9472320122,1440310.0590683906,1815786.4013584487,106903.05276798783,-0.8980926463639355,0,0,0,0.08980926463639355
2019-07-14 01:30:00,1725184,1617892.0320592967,1430174.2913480352,1809786.3359901276,107291.96794070327,-0.8954159072393885,0,0,0,0.08954159072393886
2019-07-14 01:35:00,1776374,1617101.2529760387,1431893.8244181508,1813054.8045404304,159272.74702396127,-0.5376541256017279,0,0,0,0.05376541256017279
2019-07-14 01:40:00,1751174,1616385.1426783907,1413265.3370066658,1799675.1643555919,134788.85732160928,-0.7061664133322259,0,0,0,0.07061664133322258
2019-07-14 01:45:00,1743970,1615745.1414864701,1422948.5474820884,1806826.1394033204,128224.85851352988,-0.7513436490270698,0,0,0,0.07513436490270699
2019-07-14 01:50:00,1774414,1615182.576614317,1414387.8514044983,1808664.5976501878,159231.42338568298,-0.5379385387774234,0,0,0,0.05379385387774234
2019-07-14 01:55:00,1739168,1614698.6410642692,1415468.8100780635,1793679.6553612733,124469.35893573076,-0.7771911688909195,0,0,0,0.07771911688909196
2019-07-14 02:00:00,1761050,1614294.3723542036,1420908.9110338099,1799186.1619978482,146755.6276457964,-0.6238041796925077,0,0,0,0.06238041796925077
2019-07-14 02:05:00,2137137,1613970.6312842602,1424823.303484225,1807833.0739350542,523166.3687157398,1.9668722150771925,1,0,1,1.1966872215077193
2019-07-14 02:10:00,1795842,1613728.0809401597,1416882.7777250123,1826677.4350469566,182113.91905984026,-0.38044797081979,0,0,0,0.038044797081979
2019-07-14 02:15:00,1793129,1613567.1661507895,1414771.4659386287,1817082.5010583343,179561.83384921052,-0.39801289708577764,0,0,0,0.03980128970857777
2019-07-14 02:20:00,1788450,1613488.093615985,1425570.3923819608,1798946.643171121,174961.906384015,-0.42967225799524894,0,0,0,0.042967225799524895
2019-07-14 02:25:00,1857958,1613490.8129098245,1420125.0523655075,1803425.3008243432,244467.18709017546,0.04870327806266759,1,0,1,1.0048703278062667
2019-07-14 02:30:00,1823759,1613574.9985737372,1426685.2480161283,1811640.1216127763,210184.00142626278,-0.18725343131428918,1,0,1,1.018725343131429
2019-07-14 02:35:00,1821834,1613740.033499949,1413577.0635335662,1816105.686619757,208093.9665000511,-0.2016382603236578,1,0,1,1.0201638260323658
2019-07-14 02:40:00,1833336,1613984.993810224,1416791.5630832922,1810557.4583214526,219351.0061897759,-0.12416080334073759,1,0,1,1.0124160803340738
2019-07-14 02:45:00,1832958,1614308.635414629,1416305.3941031513,1805765.5480361916,218649.364585371,-0.1289899066148717,1,0,1,1.0128989906614871
2019-07-14 02:50:00,1825262,1614709.382434812,1420804.0307128767,1804697.4280461937,210552.6175651881,-0.1847164018790226,1,0,1,1.0184716401879021
2019-07-14 02:55:00,1833418,1615185.3176615385,1414028.6645297783,1825100.5132403008,218232.6823384615,-0.13185775480145517,1,0,1,1.0131857754801454
2019-07-14 03:00:00,1871628,1615734.175202817,1421310.2736592328,1815916.223648356,255893.82479718304,0.12734800667743695,1,0,1,1.0127348006677437
2019-07-14 03:05:00,2082778,1616353.3354635772,1415624.951633035,1806189.3150888532,466424.6645364228,1.5763429937310702,1,0,1,1.157634299373107
2019-07-14 03:10:00,1981595,1617039.8225858132,1430756.0288637846,1832545.9777354398,364555.17741418676,0.8752182732071312,1,0,1,1.087521827320713
2019-07-14 03:15:00,1915220,1617790.304456078,1417582.7899495116,1818495.4395428742,297429.695543922,0.41322188895272244,1,0,1,1.0413221888952722
2019-07-14 03:20:00,1829907,1618601.0953686913,1423340.9291808277,1811436.9825581985,211305.90463130875,-0.1795318446712848,1,0,1,1.0179531844671286
2019-07-14 03:25:00,1879518,1619468.1614205837,1422021.7340432722,1805032.5439033671,260049.83857941628,0.15595209690973058,1,0,1,1.015595209690973
2019-07-14 03:30:00,1819214,1620387.1286914505,1425294.098766084,1816412.203651971,198826.87130854954,-0.2654197685039617,1,0,1,1.0265419768503963
2019-07-14 03:35:00,1832383,1621353.2942140808,1420586.8578138247,1831308.6681591969,211029.7057859192,-0.18143280484840246,1,0,1,1.0181432804848403
2019-07-14 03:40:00,1808618,1622361.6397866756,1428365.9465021598,1829951.4631523087,186256.36021332443,-0.35193729526746864,0,0,0,0.03519372952674687
2019-07-14 03:45:00,1818624,1623406.8485589763,1401081.6566966372,1823572.7468477215,195217.15144102369,-0.29026394809870065,0,0,0,0.029026394809870067
2019-07-14 03:50:00,1837515,1624483.3244099927,1446939.5690236457,1811852.3953016116,213031.67559000733,-0.1676540909367049,1,0,1,1.0167654090936704
2019-07-14 03:55:00,1836726,1625585.214002385,1443396.0361975147,1833242.3450001043,211140.78599761496,-0.18066828659488982,1,0,1,1.018066828659489
2019-07-14 04:00:00,1860805,1626706.4314767793,1420492.1138160564,1820442.9074639566,234098.56852322072,-0.022659550987922984,1,0,1,1.0022659550987922
2019-07-14 04:05:00,1817087,1627840.6856526283,1427742.8085086814,1819132.0843802253,189246.3143473717,-0.33135870185511707,0,0,0,0.03313587018551171
2019-07-14 04:10:00,1818801,1628981.5096250891,1437550.8140447638,1823532.2885446863,189819.49037491088,-0.32741377297138546,0,0,0,0.032741377297138545
2019-07-14 04:15:00,1805701,1630122.2925961963,1421649.448210647,1822465.8686921513,175578.7074038037,-0.42542707668694085,0,0,0,0.042542707668694085
2019-07-14 04:20:00,1815214,1631256.313780526,1441983.3448754137,1820198.824867668,183957.68621947407,-0.36775809899430106,0,0,0,0.036775809899430106
2019-07-14 04:25:00,1804435,1632376.778204005,1439348.890133666,1827916.3314569737,172058.22179599502,-0.4496570945029885,0,0,0,0.04496570945029885
2019-07-14 04:30:00,1820949,1633476.8541686167,1442468.7137057015,1828587.804683325,187472.1458313833,-0.3435695555668092,0,0,0,0.03435695555668092
2019-07-14 04:35:00,1838254,1634549.71218763,1432643.4453966503,1828727.933423681,203704.2878123701,-0.23185056756141964,1,0,1,1.023185056756142
2019-07-14 04:40:00,2057014,1635588.5651227748,1431127.7406220345,1825681.4225412384,421425.4348772252,1.2666322725929569,1,0,1,1.1266632272592956
2019-07-14 04:45:00,1925761,1636586.7093024214,1456035.7904561108,1828913.0216334667,289174.2906975786,0.3564034187786334,1,0,1,1.0356403418778632
2019-07-14 04:50:00,1800329,1637537.5663239392,1437899.6806727487,1821011.1115338039,162791.43367606075,-0.5134364892391898,0,0,0,0.05134364892391899
2019-07-14 04:55:00,1796893,1638434.7252857853,1449613.3447528845,1847176.9415006987,158458.27471421473,-0.5432597950389394,0,0,0,0.054325979503893944
2019-07-14 05:00:00,1825154,1639271.985164448,1440408.2296656687,1823869.4889960163,185882.01483555208,-0.3545137566376445,1,0,1,1.0354513756637644
2019-07-14 05:05:00,1972176,1640043.3970242424,1446020.975397058,1832716.2857990914,332132.60297575756,0.6520673662576028,1,0,1,1.0652067366257603
2019-07-14 05:10:00,2033844,1640743.3057919138,1432099.5179416747,1825446.3200545015,393100.69420808624,1.0716850273817042,1,0,1,1.1071685027381704
2019-07-14 05:15:00,1844578,1641366.3912803172,1447374.7515161778,1840485.7726145734,203211.6087196828,-0.23524146998889428,1,0,1,1.0235241469988894
2019-07-14 05:20:00,1919597,1641907.7081654507,1453869.406461299,1829014.2134057814,277689.2918345493,0.2773570149384251,1,0,1,1.0277357014938424
2019-07-14 05:25:00,1868439,1642362.7246223032,1440746.2652618694,1844415.47167828,226076.27537769685,-0.07787361163070788,1,0,1,1.0077873611630708
2019-07-14 05:30:00,2030919,1642727.359324634,1446353.615572684,1840689.4996608533,388191.6406753659,1.0378980821108832,1,0,1,1.1037898082110884
2019-07-14 05:35:00,2026328,1642998.0165297473,1457305.8456862266,1841771.0113553384,383329.9834702527,1.0044373457754967,1,0,1,1.1004437345775497
2019-07-14 05:40:00,1985502,1643171.6189503504,1455406.7027054403,1847753.0596779855,342330.38104964956,0.7222543722395146,1,0,1,1.0722254372239515
2019-07-14 05:45:00,1987850,1643245.6381759315,1457544.0913262994,1842455.1562963317,344604.3618240685,0.7379052229503675,1,0,1,1.0737905222950368
2019-07-14 05:50:00,1962608,1643218.1223577904,1453745.6949474707,1831186.0198279012,319389.87764220964,0.5643645615161137,1,0,1,1.0564364561516113
2019-07-14 05:55:00,1924729,1643087.7209403275,1450754.231192645,1856369.2581603886,281641.2790596725,0.3045568764180837,1,0,1,1.0304556876418083
2019-07-14 06:00:00,1936554,1642853.706203221,1440727.088468722,1832829.1753836877,293700.2937967789,0.38755398945157277,1,0,1,1.0387553989451572
2019-07-14 06:05:00,2119706,1642515.9914131516,1452799.561264045,1851425.8974602718,477190.0085868484,1.6504363169814544,1,0,1,1.1650436316981454
2019-07-14 06:10:00,2121796,1642075.145398617,1441229.5919454624,1839261.6978508048,479720.854601383,1.6678550628174915,1,0,1,1.1667855062817492
2019-07-14 06:15:00,1964336,1641532.4033837512,1461710.0150986598,1832749.0542937464,322803.59661624883,0.5878597496164379,1,0,1,1.0587859749616437
2019-07-14 06:20:00,1898937,1640889.6739496398,1443516.6299901325,1835589.045256631,258047.32605036022,0.14216964765095105,1,0,1,1.0142169647650952
2019-07-14 06:25:00,1887754,1640149.541981235,1448078.4279533792,1832661.2245652727,247604.4580187651,0.07029579084695105,1,0,1,1.007029579084695
2019-07-14 06:30:00,1918118,1639315.267549168,1453582.152147701,1841138.0875667646,278802.7324508319,0.2850203571517262,1,0,1,1.0285020357151726
2019-07-14 06:35:00,1885771,1638390.7806279005,1444111.5448438013,1823155.4544024165,247380.2193720995,0.06875245080553682,1,0,1,1.0068752450805536
2019-07-14 06:40:00,1961292,1637380.6716279166,1437818.2809041338,1825909.1661925726,323911.3283720834,0.5954838001507559,1,0,1,1.0595483800150756
2019-07-14 06:45:00,1964681,1636290.1777349534,1455581.213553899,1843273.4738754157,328390.82226504665,0.6263142675705435,1,0,1,1.0626314267570542
2019-07-14 06:50:00,1921154,1635125.1650642739,1440126.4345978866,1815785.2047566536,286028.83493572613,0.33475457323862456,1,0,1,1.0334754573238625
2019-07-14 06:55:00,1900342,1633892.1066988108,1438767.9675503667,1830409.901491269,266449.8933011892,0.20000097459531843,1,0,1,1.0200000974595318
2019-07-14 07:00:00,1945942,1632598.0566584861,1450021.9444960596,1839233.9741687914,313343.94334151386,0.5227529453528263,1,0,1,1.0522752945352827
2019-07-14 07:05:00,2238814,1631250.6199285625,1428601.2183196782,1813669.0329225978,607563.3800714375,2.5477412532104275,1,0,1,1.2547741253210427
2019-07-14 07:10:00,1956560,1629857.918667236,1440424.9748999153,1830478.7372172398,326702.0813327639,0.614691375891867,1,0,1,1.0614691375891867
2019-07-14 07:15:00,1930717,1628428.5547513228,1433932.5723136147,1830028.5483701816,302288.44524867716,0.4466626141892652,1,0,1,1.0446662614189266
2019-07-14 07:20:00,1932503,1626971.5688548503,1450147.6478982125,1837265.4235429447,305531.43114514975,0.46898271851647255,1,0,1,1.0468982718516473
2019-07-14 07:25:00,1934907,1625496.396250463,1426308.3299013672,1817630.8790633664,309410.6037495369,0.4956814276682279,1,0,1,1.0495681427668229
2019-07-14 07:30:00,1974189,1624012.819596607,1426661.9794890091,1821716.4653277828,350176.180403393,0.7762537005425972,1,0,1,1.0776253700542597
2019-07-14 07:35:00,1944675,1622530.9189385392,1424649.9577184068,1815683.6935010059,322144.0810614608,0.5833205821768579,1,0,1,1.0583320582176858
2019-07-14 07:40:00,1958859,1621061.0192190988,1429919.8499568822,1826944.5544478328,337797.98078090115,0.6910597725463234,1,0,1,1.0691059772546323
2019-07-14 07:45:00,1941949,1619613.635593183,1423462.8655636362,1823685.4527626163,322335.3644068169,0.5846371047769253,1,0,1,1.0584637104776926
2019-07-14 07:50:00,1940267,1618199.4168507643,1428265.886619355,1821594.5232035054,322067.5831492357,0.582794079306915,1,0,1,1.0582794079306914
2019-07-14 07:55:00,2000308,1616829.0873045342,1428835.9186133163,1802994.3704877626,383478.91269546584,1.005462362827758,1,0,1,1.1005462362827758
2019-07-14 08:00:00,1984395,1615513.3874458796,1412439.724131486,1800854.2876638898,368881.61255412037,0.9049953017761576,1,0,1,1.0904995301776157
2019-07-14 08:05:00,2221394,1614263.0137674997,1425098.144529152,1810901.2913155828,607130.9862325003,2.544765268761646,1,0,1,1.2544765268761646
2019-07-14 08:10:00,2110306,1613088.558083179,1419274.1288413599,1811804.7498183954,497217.44191682106,1.788276694831201,1,0,1,1.1788276694831201
2019-07-14 08:15:00,1959233,1612000.4467350114,1402482.250928909,1799636.4347410945,347232.5532649886,0.7559939563047177,1,0,1,1.0755993956304717
2019-07-14 08:20:00,1970663,1611008.880046476,1418317.4192211656,1809887.2375110467,359654.1199535241,0.8414863615282628,1,0,1,1.0841486361528263
2019-07-14 08:25:00,1867569,1610123.772420548,1422693.4955735027,1802852.7236929454,257445.2275794521,0.13802565778638243,1,0,1,1.0138025657786383
2019-07-14 08:30:00,1889292,1609354.6934301297,1411162.0934232066,1787876.6945690182,279937.3065698703,0.2928291523522948,1,0,1,1.0292829152352294
2019-07-14 08:35:00,2004676,1608710.8102924807,1407155.7720616965,1821484.361496998,395965.18970751925,1.0914001419191137,1,0,1,1.1091400141919114
2019-07-14 08:40:00,1983030,1608200.832083686,1409191.278182268,1812394.2686948366,374829.167916314,0.9459298171930752,1,0,1,1.0945929817193076
2019-07-14 08:45:00,2024579,1607832.9560540025,1397909.9277548196,1801407.3546176858,416746.0439459975,1.234425998157291,1,0,1,1.1234425998157291
2019-07-14 08:50:00,2010018,1607614.8163838577,1412585.8697693122,1811383.262109028,402403.18361614225,1.1357101390284723,1,0,1,1.1135710139028472
2019-07-14 08:55:00,2024891,1607553.435728129,1416381.5352673463,1786213.3304095068,417337.564271871,1.2384971831104914,1,0,1,1.1238497183110492
2019-07-14 09:00:00,2019081,1607655.1798421985,1417915.6824721722,1820170.539453159,411425.8201578015,1.1978091414124659,1,0,1,1.1197809141412467
2019-07-14 09:05:00,2314121,1607925.7156080864,1414315.1893970731,1813693.521792946,706195.2843919136,3.2265830566295293,1,1,1,1.8226583056629528
2019-07-14 09:10:00,2137750,1608369.9727333921,1411731.5679122703,1807972.8683664815,529380.0272666079,2.009638206523493,1,0,1,1.2009638206523494
2019-07-14 09:15:00,2017494,1608992.1093787677,1410010.3641144503,1792999.614294939,408501.89062123233,1.1776849674613508,1,0,1,1.117768496746135
2019-07-14 09:20:00,2052495,1609795.4819480174,1422029.420610075,1805346.532307755,442699.5180519826,1.4130528156001771,1,0,1,1.1413052815600178
2019-07-14 09:25:00,1984951,1610782.6192484398,1421833.9484616918,1812874.8205639343,374168.3807515602,0.9413818977983514,1,0,1,1.0941381897798352
2019-07-14 09:30:00,1966059,1611955.2012107838,1406137.2373228157,1796751.2042896524,354103.7987892162,0.8032858415779269,1,0,1,1.0803285841577928
2019-07-14 09:35:00,1992391,1613314.0422996879,1411088.191936006,1810643.2164562093,379076.95770031214,0.9751655629426978,1,0,1,1.0975165562942697
2019-07-14 09:40:00,1999125,1614859.0797692002,1423903.496198913,1811525.2587779858,384265.9202307998,1.0108790038048463,1,0,1,1.1010879003804845
2019-07-14 09:45:00,1995549,1616589.366829523,1428588.1806145895,1815224.2783404083,378959.6331704771,0.9743580676807213,1,0,1,1.097435806768072
2019-07-14 09:50:00,1882660,1618503.070801505,1418000.183657886,1813102.9672100919,264156.9291984951,0.184219469641399,1,0,1,1.0184219469641398
2019-07-14 09:55:00,1963514,1620597.4762932335,1438990.5165725653,1820071.607025374,342916.52370676654,0.7262885449664783,1,0,1,1.0726288544966478
2019-07-14 10:00:00,1910163,1622868.9933778413,1415717.3123046171,1821693.4108968233,287294.0066221587,0.343462216421322,1,0,1,1.0343462216421322
2019-07-14 10:05:00,2377128,1625313.1707641305,1438485.3148070148,1815502.7198190936,751814.8292358695,3.5405631455914794,1,1,1,1.854056314559148
2019-07-14 10:10:00,1991459,1627924.7138780665,1419857.7563467189,1831299.0176754852,363534.2861219335,0.8681919089621878,1,0,1,1.0868191908962188
2019-07-14 10:15:00,2016414,1630697.5077825612,1427174.4509450938,1826154.2124328732,385716.49221743876,1.020862679068782,1,0,1,1.1020862679068781
2019-07-14 10:20:00,1985091,1633624.6447565742,1429789.2045963383,1818780.3651043507,351466.3552434258,0.7851334298874559,1,0,1,1.0785133429887457
2019-07-14 10:25:00,1846465,1636698.4564524558,1432376.0297503364,1836005.0670552114,209766.54354754416,-0.19012661784752363,1,0,1,1.0190126617847524
2019-07-14 10:30:00,1811598,1639910.5503786549,1438246.7852850202,1833161.542571454,171687.44962134515,-0.45220896302292635,0,0,0,0.04522089630229264
2019-07-14 10:35:00,1856160,1643251.8505282602,1444465.8986999923,1855545.2941101165,212908.14947173977,-0.16850426911659336,1,0,1,1.0168504269116594
2019-07-14 10:40:00,1893471,1646712.6419169956,1444998.987573546,1852247.7006443767,246758.35808300436,0.06447244179755675,1,0,1,1.0064472441797556
2019-07-14 10:45:00,1858843,1650282.6187295325,1453565.8768077758,1859681.320793127,208560.38127046754,-0.19842812415045732,0,0,0,0.019842812415045735
2019-07-14 10:50:00,1852417,1653950.9358452086,1467715.852505309,1842191.0068052975,198466.0641547914,-0.2679030519874464,1,0,1,1.0267903051987446
2019-07-14 10:55:00,1911851,1657706.2633549862,1457997.0840106958,1868156.5320570406,254144.7366450138,0.1153097705332823,1,0,1,1.0115309770533283
2019-07-14 11:00:00,1943721,1661536.8438407432,1457227.6674781474,1867862.8515055615,282184.1561592568,0.3082932705580501,1,0,1,1.030829327055805
2019-07-14 11:05:00,2244354,1665430.551949011,1478758.4323205734,1866831.1426964107,578923.4480509891,2.3506246788473235,1,0,1,1.2350624678847324
2019-07-14 11:10:00,2046986,1669374.9560175857,1471407.0551676925,1875317.5992286557,377611.0439824143,0.9650762970122622,1,0,1,1.0965076297012262
2019-07-14 11:15:00,1946004,1673357.3813023067,1465532.2326935912,1864103.4646624227,272646.61869769334,0.24265042228100547,1,0,1,1.0242650422281006
2019-07-14 11:20:00,1873603,1677364.9744496697,1469026.5618825748,1872558.8014632997,196238.0255503303,-0.28323770211673294,1,0,1,1.0283237702116732
2019-07-14 11:25:00,1872040,1681384.7688335453,1471897.2791259245,1881835.2452196474,190655.23116645473,-0.32166172154308553,0,0,0,0.03216617215430855
2019-07-14 11:30:00,1901649,1685403.7503135444,1505345.6924365654,1883411.327177381,216245.2496864556,-0.14553641562582723,1,0,1,1.0145536415625827
2019-07-14 11:35:00,1907091,1689408.923097645,1487203.4513267805,1894406.3216598553,217682.07690235507,-0.1356473398225898,1,0,1,1.0135647339822589
2019-07-14 11:40:00,1897351,1693387.375217334,1502416.1831420823,1883164.9264388266,203963.6247826661,-0.2300656605597566,1,0,1,1.0230065660559757
2019-07-14 11:45:00,1940224,1697326.3433252287,1500757.5479895999,1891414.715636823,242897.65667477134,0.03790086209944994,1,0,1,1.003790086209945
2019-07-14 11:50:00,1931106,1701213.2762968459,1509160.5929464635,1896211.590836884,229892.72370315413,-0.051606607239397674,1,0,1,1.0051606607239398
2019-07-14 11:55:00,1940363,1705035.8973879342,1511662.160898269,1895667.8245626104,235327.10261206585,-0.01420406893899394,1,0,1,1.0014204068938994
2019-07-14 12:00:00,2000422,1708782.2645010683,1512714.021053614,1908623.1272673951,291639.7354989317,0.3733720356446607,1,0,1,1.0373372035644661
2019-07-14 12:05:00,2274081,1712440.828200977,1504127.0595920924,1912398.8659967699,561640.1717990229,2.231671176928173,1,0,1,1.2231671176928174
2019-07-14 12:10:00,2066108,1716000.4871820633,1510853.3884897875,1900189.3369785084,350107.5128179367,0.7757810905096801,1,0,1,1.077578109050968
2019-07-14 12:15:00,2137836,1719450.6408243647,1526018.4374160157,1909326.8048050099,418385.35917563527,1.2457087135679543,1,0,1,1.1245708713567955
2019-07-14 12:20:00,1991869,1722781.2385649139,1524433.0215101205,1918325.3644229493,269087.76143508614,0.21815630854667403,1,0,1,1.0218156308546673
2019-07-14 12:25:00,1918835,1725982.8257521123,1524687.716796635,1940828.4960522067,192852.17424788768,-0.30654108878552194,0,0,0,0.030654108878552196
2019-07-14 12:30:00,2009210,1729046.585812369,1533389.1927531904,1933461.890431631,280163.4141876311,0.29438535573359415,1,0,1,1.0294385355733595
2019-07-14 12:35:00,2020698,1731964.3783768958,1535774.1774187924,1926735.7739340584,288733.6216231042,0.35337047937339566,1,0,1,1.0353370479373396
2019-07-14 12:40:00,2035964,1734728.7732764601,1534360.6477248427,1928829.9587387808,301235.2267235399,0.43941375523308485,1,0,1,1.0439413755233085
2019-07-14 12:45:00,2055352,1737333.0801505528,1551561.6539934636,1954372.3192531143,318018.9198494472,0.5549288371745619,1,0,1,1.0554928837174562
2019-07-14 12:50:00,2057930,1739771.3735469826,1544031.1843954208,1939343.0431730526,318158.62645301735,0.5558903788113223,1,0,1,1.0555890378811323
2019-07-14 12:55:00,1998644,1742038.5133972103,1548936.1222941082,1934773.0773534519,256605.48660278972,0.1322460747708281,1,0,1,1.0132246074770828
2019-07-14 13:00:00,2018789,1744130.1607509495,1548934.2643975373,1944665.0960578767,274658.8392490505,0.2564996877633174,1,0,1,1.0256499687763316
2019-07-14 13:05:00,2318829,1746042.7887484834,1552827.2812196552,1944106.0220608576,572786.2112515166,2.3083846660880947,1,0,1,1.2308384666088095
2019-07-14 13:10:00,2108609,1747773.6887700418,1558526.6922110585,1948303.8945253878,360835.3112299582,0.8496160029642843,1,0,1,1.0849616002964284
2019-07-14 13:15:00,2027476,1749320.9717931184,1553750.631233067,1952390.9545220183,278155.0282068816,0.28056248198369943,1,0,1,1.02805624819837
2019-07-14 13:20:00,1979194,1750683.5649570122,1555555.4947953986,1943757.7473951108,228510.4350429878,-0.06112031716295508,1,0,1,1.0061120317162955
2019-07-14 13:25:00,2013631,1751861.203442325,1547481.517881908,1942916.2451245892,261769.79655767512,0.16778984235133323,1,0,1,1.0167789842351334
2019-07-14 13:30:00,2088048,1752854.4177304867,1542385.1685411138,1952432.4542698432,335193.5822695133,0.6731347958922376,1,0,1,1.0673134795892238
2019-07-14 13:35:00,2058100,1753664.5163743447,1561838.7861007743,1958358.605456523,304435.4836256553,0.46143977391135804,1,0,1,1.0461439773911358
2019-07-14 13:40:00,2122117,1754293.5644405882,1560389.9633588595,1952470.8575337743,367823.43555941177,0.8977123157649521,1,0,1,1.0897712315764951
2019-07-14 13:45:00,2125615,1754744.357794714,1548500.2604885548,1956164.4501977386,370870.6422052861,0.9186849540722767,1,0,1,1.0918684954072277
2019-07-14 13:50:00,2142261,1755020.3934388554,1562490.1619713916,1954827.521663569,387240.6065611446,1.0313525153628926,1,0,1,1.1031352515362893
2019-07-14 13:55:00,2144046,1755125.8361285424,1551430.415534369,1953547.4418824986,388920.16387145757,1.0429122000443725,1,0,1,1.1042912200044372
2019-07-14 14:00:00,2172255,1755065.4815219678,1554758.8466570983,1944723.4028421487,417189.5184780322,1.237478246343828,1,0,1,1.1237478246343828
2019-07-14 14:05:00,2417462,1754844.7161376893,1555782.2071995174,1954212.3555108712,662617.2838623107,2.9266540562444803,1,0,1,1.292665405624448
2019-07-14 14:10:00,2332675,1754469.4743997678,1564039.6952545503,1961792.1328632773,578205.5256002322,2.3456835213735374,1,0,1,1.2345683521373538
2019-07-14 14:15:00,2218161,1753946.19309278,1550545.5553792492,1955330.1566167334,464214.80690722005,1.5611334755873956,1,0,1,1.1561133475587395
2019-07-14 14:20:00,2175605,1753281.7635369475,1547911.6977637392,1958655.060812563,422323.23646305245,1.2728114622966782,1,0,1,1.127281146229668
2019-07-14 14:25:00,2044913,1752483.4818173633,1540854.9439991373,1952344.227092797,292429.5181826367,0.3788077767976799,1,0,1,1.037880777679768
2019-07-14 14:30:00,2066194,1751558.997420026,1536014.2063789838,1958807.7166017399,314635.002579974,0.5316387616391011,1,0,1,1.0531638761639102
2019-07-14 14:35:00,2066635,1750516.2606097686,1558273.3664274663,1961649.8874251575,316118.73939023144,0.541850696398079,1,0,1,1.0541850696398078
2019-07-14 14:40:00,2072815,1749363.4689177496,1551994.2619059293,1952898.4382007227,323451.5310822504,0.5923192093057567,1,0,1,1.0592319209305756
2019-07-14 14:45:00,2030202,1748109.01307568,1551985.7795043958,1953765.2083896082,282092.98692432,0.3076657911609195,1,0,1,1.030766579116092
2019-07-14 14:50:00,1981953,1746761.422797222,1549981.3280264072,1945485.315876449,235191.57720277808,-0.015136833178758542,1,0,1,1.001513683317876
2019-07-14 14:55:00,2035332,1745329.3126881234,1554338.6101552872,1959027.0021324903,290002.68731187657,0.36210492333205996,1,0,1,1.036210492333206
2019-07-14 15:00:00,1884622,1743821.3287115349,1556457.1452894846,1952098.8283313639,140800.67128846515,-0.664789633037887,0,0,0,0.0664789633037887
2019-07-14 15:05:00,2249370,1742246.0954927034,1556181.6787847248,1920215.7587782515,507123.9045072966,1.8564586991912873,1,0,1,1.1856458699191288
2019-07-14 15:10:00,2135666,1740612.1648207463,1560179.4618215486,1940089.5139882646,395053.8351792537,1.0851276730279955,1,0,1,1.1085127673027995
2019-07-14 15:15:00,2016278,1738927.9656617872,1548413.561710385,1947980.1587421775,277350.0343382128,0.27502204865927665,1,0,1,1.0275022048659277
2019-07-14 15:20:00,2018207,1737201.7559876044,1541433.943474893,1923593.7860395315,281005.2440123956,0.3001793154097483,1,0,1,1.0300179315409748
2019-07-14 15:25:00,1944332,1735441.5767033764,1541059.7564219462,1942533.6764577534,208890.42329662363,-0.19615658406630848,1,0,1,1.019615658406631
2019-07-14 15:30:00,2045667,1733655.2079598985,1536069.9054097657,1931903.7612679964,312011.7920401015,0.513584309726168,1,0,1,1.0513584309726167
2019-07-14 15:35:00,2045974,1731850.1280931267,1543254.281943556,1945087.8185256184,314123.8719068733,0.5281208647648493,1,0,1,1.052812086476485
2019-07-14 15:40:00,2071491,1730033.4754085096,1532871.8717294638,1930767.6360849384,341457.5245914904,0.7162468693299336,1,0,1,1.0716246869329933
2019-07-14 15:45:00,2059347,1728212.0130572335,1526606.9188176112,1922893.6145657054,331134.98694276647,0.6452011958067612,1,0,1,1.0645201195806762
2019-07-14 15:50:00,2038611,1726392.0971289813,1521334.4447302949,1929896.543297097,312218.90287101874,0.5150097662347504,1,0,1,1.051500976623475
2019-07-14 15:55:00,2031511,1724579.6481846832,1525702.5928329066,1933161.4057446457,306931.3518153168,0.4786177821292777,1,0,1,1.0478617782129278
2019-07-14 16:00:00,2051515,1722780.1263161907,1514258.9832762366,1917451.8979039642,328734.8736838093,0.6286822283961083,1,0,1,1.062868222839611
2019-07-14 16:05:00,2379244,1720998.5098597757,1524818.756025509,1928184.193847239,658245.4901402243,2.896564843682645,1,0,1,1.2896564843682645
2019-07-14 16:10:00,2107467,1719239.2778434309,1522276.987324725,1929568.6487546952,388227.7221565691,1.0381464157300988,1,0,1,1.10381464157301
2019-07-14 16:15:00,2057319,1717506.3962049815,1524115.0906243655,1912555.5466000396,339812.6037950185,0.7049255731666724,1,0,1,1.0704925573166673
2019-07-14 16:20:00,2005970,1715803.3078487287,1525419.4098238433,1920977.6268182078,290166.6921512713,0.36323369947920214,1,0,1,1.0363233699479202
2019-07-14 16:25:00,1950011,1714132.9264828577,1520218.4128562654,1914852.316392363,235878.07351714233,-0.010411968549060327,1,0,1,1.001041196854906
2019-07-14 16:30:00,2002041,1712497.634253735,1515966.199301827,1906823.1666845162,289543.36574626504,0.35894360669625935,1,0,1,1.035894360669626
2019-07-14 16:35:00,2022815,1710899.2831042402,1527452.5532043194,1924786.353439456,311915.7168957598,0.5129230650234727,1,0,1,1.0512923065023472
2019-07-14 16:40:00,1938289,1709339.1997903006,1512723.115361727,1923284.8337606005,228949.80020969943,-0.05809635200497798,1,0,1,1.0058096352004977
2019-07-14 16:45:00,1992090,1707818.1944261647,1515748.4477485372,1911984.0285346406,284271.80557383527,0.32266168109684024,1,0,1,1.032266168109684
2019-07-14 16:50:00,2033967,1706336.5724703884,1504630.587006466,1888623.5694438536,327630.4275296116,0.6210807912722871,1,0,1,1.0621080791272286
2019-07-14 16:55:00,2095440,1704894.1499576773,1496036.5298519302,1900594.5338227288,390545.85004232265,1.054101112391008,1,0,1,1.1054101112391008
2019-07-14 17:00:00,2075902,1703490.2718487394,1514098.361415568,1916792.4558318115,372411.72815126064,0.9292915987477159,1,0,1,1.0929291598747717
2019-07-14 17:05:00,2403547,1702123.8332767314,1506071.9430607494,1895141.177727437,701423.1667232686,3.1937385831639737,1,1,1,1.8193738583163974
2019-07-14 17:10:00,2071108,1700793.3035023073,1498186.3245130377,1898046.7784367243,370314.6964976927,0.9148586142145413,1,0,1,1.0914858614214542
2019-07-14 17:15:00,2075669,1699496.7523378122,1514341.4554456102,1894004.7518118622,376172.2476621878,0.955173668694332,1,0,1,1.0955173668694331
2019-07-14 17:20:00,2032630,1698231.8788150013,1499329.288641581,1889516.0456530638,334398.12118499866,0.6676599727010816,1,0,1,1.0667659972701082
2019-07-14 17:25:00,2072635,1696996.0418399638,1506528.4494477147,1887250.0274812554,375638.95816003624,0.9515032619443137,1,0,1,1.0951503261944313
2019-07-14 17:30:00,2052979,1695786.2925725684,1502550.8384028194,1879079.1750330122,357192.7074274316,0.8245454971124055,1,0,1,1.0824545497112406
2019-07-14 17:35:00,2163883,1694599.4082711805,1491322.565690128,1879007.9933401693,469283.59172881953,1.5960197839593575,1,0,1,1.1596019783959357
2019-07-14 17:40:00,2146300,1693431.927315788,1493490.4697503934,1897393.2318743481,452868.0726842119,1.4830386889569298,1,0,1,1.148303868895693
2019-07-14 17:45:00,2059501,1692280.185129833,1496351.49955104,1883234.1358677298,367220.81487016706,0.8935647316917973,1,0,1,1.0893564731691798
2019-07-14 17:50:00,2022808,1691140.3507421152,1490223.7835369583,1888149.2066434247,331667.6492578848,0.6488672858929208,1,0,1,1.064886728589292
2019-07-14 17:55:00,2130048,1690008.4636763153,1471105.8969746195,1882186.2434382844,440039.53632368473,1.3947452831040745,1,0,1,1.1394745283104075
2019-07-14 18:00:00,2183133,1688880.470909144,1481902.3073885166,1896696.3486088137,494252.52909085597,1.7678704501822196,1,0,1,1.176787045018222
2019-07-14 18:05:00,2490338,1687752.2636245214,1484863.1174190347,1882287.2377790401,802585.7363754786,3.889997888855591,1,1,1,1.8889997888855592
2019-07-14 18:10:00,2166394,1686619.7134856153,1493166.682626633,1892745.0816384517,479774.2865143847,1.6682228121419327,1,0,1,1.1668222812141933
2019-07-14 18:15:00,2132189,1685478.7081741118,1487585.2907579879,1892418.6650551518,446710.2918258882,1.4406572801042543,1,0,1,1.1440657280104254
2019-07-14 18:20:00,2064548,1684325.1859455993,1478662.9347607128,1902898.6621895656,380222.81405440066,0.9830520090092898,1,0,1,1.098305200900929
2019-07-14 18:25:00,2074022,1683155.168962357,1472793.7039129385,1865074.0541043251,390866.8310376429,1.0563102892210374,1,0,1,1.1056310289221036
2019-07-14 18:30:00,2068631,1681964.7951819582,1471481.1237900662,1876195.5824036517,386666.20481804176,1.0273991503958326,1,0,1,1.1027399150395834
2019-07-14 18:35:00,2056674,1680750.3485992725,1486277.9910589096,1880272.5917038696,375923.65140072745,0.953462685462125,1,0,1,1.0953462685462125
2019-07-14 18:40:00,2011618,1679508.2876398826,1481983.9503451851,1882582.5763172877,332109.71236011735,0.6519098198033431,1,0,1,1.0651909819803342
2019-07-14 18:45:00,2038239,1678235.2715366848,1474040.4350126137,1865752.1994732365,360003.7284633152,0.8438925694678978,1,0,1,1.08438925694679
2019-07-14 18:50:00,2010528,1676928.1845354529,1476629.1718440037,1878549.0927347047,333599.81546454714,0.6621655710803821,1,0,1,1.0662165571080382
2019-07-14 18:55:00,2006764,1675584.1577952849,1470221.8383113416,1869815.3602859671,331179.8422047151,0.6455099156588602,1,0,1,1.064550991565886
2019-07-14 19:00:00,1920818,1674200.5888623127,1472781.1829190215,1879979.6179378852,246617.41113768728,0.06350236341161603,1,0,1,1.0063502363411616
2019-07-14 19:05:00,2285737,1672775.158635002,1467484.813472422,1868151.9293302482,612961.8413649979,2.5848965857111708,1,0,1,1.2584896585711172
2019-07-14 19:10:00,2053739,1671305.8457395532,1483928.1699833928,1873535.3423327326,382433.1542604468,0.99826484852587,1,0,1,1.099826484852587
2019-07-14 19:15:00,2028249,1669790.9382573736,1466059.0570126122,1869679.4286426834,358458.06174262636,0.833254397251857,1,0,1,1.0833254397251857
2019-07-14 19:20:00,2021782,1668229.0428127537,1454286.5395793032,1859132.9293514816,353552.9571872463,0.7994946311267475,1,0,1,1.0799494631126747
2019-07-14 19:25:00,1969740,1666619.09096337,1470826.5801974174,1879554.7433690869,303120.90903663007,0.4523921113837924,1,0,1,1.0452392111383793
2019-07-14 19:30:00,1933368,1664960.3429464137,1464000.0283822606,1864102.7203608288,268407.6570535863,0.21347543689534243,1,0,1,1.0213475436895343
2019-07-14 19:35:00,1904589,1663252.3887981838,1470257.076689305,1859275.8464774732,241336.61120181624,0.027156844416927426,1,0,1,1.0027156844416927
2019-07-14 19:40:00,1917559,1661495.1469175352,1474787.392284571,1864328.5948910494,256063.85308246478,0.1285182396624747,1,0,1,1.0128518239662474
2019-07-14 19:45:00,1940302,1659688.860132672,1459649.0185985854,1858360.0766304897,280613.1398673281,0.2974806279333221,1,0,1,1.0297480627933322
2019-07-14 19:50:00,1942586,1657834.0893790026,1455402.4934621458,1858554.1973839558,284751.9106209974,0.3259660416715606,1,0,1,1.0325966041671562
2019-07-14 19:55:00,1953648,1655931.7050953975,1455724.534615728,1861506.246399887,297716.29490460246,0.41519443149059054,1,0,1,1.041519443149059
2019-07-14 20:00:00,1902480,1653982.8764659523,1444959.6743516421,1868044.696760878,248497.12353404774,0.07643963114304395,1,0,1,1.0076439631143044
2019-07-14 20:05:00,2231463,1651989.0586635673,1452167.805937391,1855659.9711433717,579473.9413364327,2.3544134919827413,1,0,1,1.235441349198274
2019-07-14 20:10:00,1961157,1649951.9782379956,1452424.6959189104,1861642.0160549504,311205.02176200435,0.5080316501247788,1,0,1,1.0508031650124778
2019-07-14 20:15:00,1911378,1647873.616824085,1463591.0694226446,1850694.7572852133,263504.3831759151,0.17972827055288854,1,0,1,1.0179728270552888
2019-07-14 20:20:00,1856221,1645756.19335694,1444778.8183990181,1845588.1491057302,210464.80664305994,-0.18532076742532375,1,0,1,1.0185320767425323
2019-07-14 20:25:00,1895264,1643602.1449801154,1453175.2456327125,1843163.7268292783,251661.85501988465,0.09822114336248043,1,0,1,1.009822114336248
2019-07-14 20:30:00,1831362,1641414.1068377797,1457045.3097786708,1854114.1279544476,189947.89316222025,-0.32653003073502024,0,0,0,0.032653003073502024
2019-07-14 20:35:00,1895251,1639194.8909716664,1432277.4833695765,1830628.9625544327,256056.10902833357,0.12846494060363137,1,0,1,1.0128464940603632
2019-07-14 20:40:00,1891144,1636947.4645120085,1428945.8345174952,1838385.3353393124,254196.53548799152,0.11566628012542983,1,0,1,1.011566628012543
2019-07-14 20:45:00,1887849,1634674.9273615202,1453349.5388391563,1846453.2383625752,253174.07263847976,0.108629099514617,1,0,1,1.0108629099514617
2019-07-14 20:50:00,1912508,1632380.4896378068,1436195.6646738686,1816262.7307559133,280127.5103621932,0.2941382448440923,1,0,1,1.0294138244844093
2019-07-14 20:55:00,1888721,1630067.4489903466,1437656.504240368,1811773.2170312863,258653.55100965337,0.14634203839489413,1,0,1,1.0146342038394893
2019-07-14 21:00:00,1942976,1627739.168085295,1429736.1755801258,1836981.5647241243,315236.831914705,0.5357808991528598,1,0,1,1.053578089915286
2019-07-14 21:05:00,2197197,1625399.0523821928,1439312.490238639,1839847.0854118292,571797.9476178072,2.3015828642575125,1,0,1,1.2301582864257512
2019-07-14 21:10:00,1970994,1623050.528461412,1426241.698081877,1829307.5158030498,347943.47153858794,0.7608869069808569,1,0,1,1.0760886906980858
2019-07-14 21:15:00,1899712,1620697.0230249988,1420025.0881691983,1838332.7897366534,279014.97697500116,0.2864811467060344,1,0,1,1.0286481146706035
2019-07-14 21:20:00,1897864,1618341.9427830593,1409040.4792681658,1820543.4312333567,279522.0572169407,0.28997116617070934,1,0,1,1.0289971166170708
2019-07-14 21:25:00,1906089,1615988.6553753451,1433268.8487786003,1814656.3701657164,290100.34462465486,0.36277705743288874,1,0,1,1.0362777057432888
2019-07-14 21:30:00,1939543,1613640.4714598686,1419923.3374207704,1821962.3485342653,325902.5285401314,0.6091883911992482,1,0,1,1.060918839119925
2019-07-14 21:35:00,1957268,1611300.6281539062,1408518.8387460422,1810746.9283322857,345967.3718460938,0.7472862461375869,1,0,1,1.0747286246137586
2019-07-14 21:40:00,1938163,1608972.2738751648,1414048.248574139,1820559.2524363,329190.7261248352,0.6318196685103491,1,0,1,1.063181966851035
2019-07-14 21:45:00,1916815,1606658.454755966,1414950.1381946434,1803969.1640601486,310156.5452440339,0.500815428404178,1,0,1,1.0500815428404178
2019-07-14 21:50:00,1955229,1604362.1026728356,1407889.8127718105,1806112.2069898958,350866.8973271644,0.7810076138469736,1,0,1,1.0781007613846973
2019-07-14 21:55:00,1943901,1602086.0249826352,1410943.6554561285,1798856.0336726008,341814.97501736484,0.7187070498709592,1,0,1,1.071870704987096
2019-07-14 22:00:00,1951668,1599832.8960107053,1391174.659833346,1802616.1963323082,351835.10398929473,0.7876713720003937,1,0,1,1.0787671372000394
2019-07-14 22:05:00,2300677,1597605.2503393174,1390443.2680901818,1797893.6150466977,703071.7496606826,3.2050850842989798,1,1,1,1.820508508429898
2019-07-14 22:10:00,1975755,1595405.4778937886,1387482.65949193,1790010.4667834817,380349.5221062114,0.9839240870959041,1,0,1,1.0983924087095904
2019-07-14 22:15:00,1937892,1593235.8208249218,1397576.3809176087,1786275.1705792362,344656.17917507817,0.7382618599254941,1,0,1,1.0738261859925493
2019-07-14 22:20:00,1894760,1591098.3722097627,1399759.5956922595,1792397.5747150665,303661.6277902373,0.45611365053859376,1,0,1,1.0456113650538594
2019-07-14 22:25:00,1905377,1588995.0764706694,1396006.9062877153,1785728.0649812627,316381.92352933064,0.5436620818402267,1,0,1,1.0543662081840226
2019-07-14 22:30:00,1902050,1586927.7315061837,1384722.2594987678,1780718.576123413,315122.26849381626,0.5349924074393745,1,0,1,1.0534992407439374
2019-07-14 22:35:00,1891336,1584897.9924419415,1390388.5737743932,1780687.0315513543,306438.0075580585,0.47522230165456697,1,0,1,1.0475222301654568
2019-07-14 22:40:00,1903555,1582907.3769259995,1387729.2924757327,1772910.5391156955,320647.62307400047,0.5730210929198348,1,0,1,1.0573021092919834
2019-07-14 22:45:00,1922456,1580957.2718650086,1393991.7365005005,1780728.3759098183,341498.72813499137,0.7165304559439218,1,0,1,1.0716530455943922
2019-07-14 22:50:00,1884808,1579048.9414692612,1388657.7194397554,1786624.4563787116,305759.0585307388,0.4705493818188334,1,0,1,1.0470549381818834
2019-07-14 22:55:00,1894145,1577183.536519472,1386394.1627133235,1776499.0677964902,316961.463480528,0.5476508109267698,1,0,1,1.054765081092677
2019-07-14 23:00:00,1979075,1575362.1046549263,1379798.8531539813,1765987.1982091896,403712.89534507366,1.1447243325407268,1,0,1,1.1144724332540727
2019-07-14 23:05:00,2160553,1573585.6016150452,1368270.2566529417,1773343.0035806044,586967.3983849548,2.40598779678511,1,0,1,1.240598779678511
2019-07-14 23:10:00,2007793,1571854.9031881818,1382981.1143023337,1782273.755528073,435938.0968118182,1.3665168045602223,1,0,1,1.1366516804560223
2019-07-14 23:15:00,1710833,1570170.8177774868,1350581.0510511282,1758265.5563758619,140662.18222251325,-0.6657427948766684,0,0,0,0.06657427948766685
2019-07-14 23:20:00,1893698,1568534.0993642488,1377836.3271338684,1779990.7239392288,325163.9006357512,0.604104726819861,1,0,1,1.060410472681986
2019-07-14 23:25:00,1895163,1566945.4607219289,1372255.5796421329,1772373.4087465531,328217.53927807114,0.6251216338462864,1,0,1,1.0625121633846286
2019-07-14 23:30:00,1873684,1565405.5866911155,1373638.1932331547,1766189.8239178334,308278.4133088845,0.4878890383207701,1,0,1,1.048788903832077
2019-07-14 23:35:00,1844363,1563915.147342354,1365451.7913956547,1749414.8231510893,280447.85265764594,0.29634302577227917,1,0,1,1.0296343025772279
2019-07-14 23:40:00,1909868,1562474.8108640222,1351955.1330331382,1758502.4556119007,347393.18913597777,0.7570995452630508,1,0,1,1.0757099545263051
2019-07-14 23:45:00,1889033,1561085.2559611374,1354142.937006249,1764839.7962223722,327947.74403886264,0.6232647469900507,1,0,1,1.062326474699005
2019-07-14 23:50:00,1819766,1559747.1836648672,1361347.9774125705,1757223.57451003,260018.8163351328,0.15573858388470505,1,0,1,1.0155738583884706
2019-07-14 23:55:00,1821605,1558461.3283205447,1352786.926197503,1743547.0151109635,263143.6716794553,0.17724564543824872,1,0,1,1.0177245645438249
